ID,Name
1,"Œ¥-Ribono-1,4-lactone"
2,"Œ¥-Ribono-1,4-lactone"
3,Œ≥-glutamyltyramine
4,Œ≥-Glu-Ala
5,Œ≤-Naphthol ethyl ether
6,Œ≤-Estradiol
7,Œ≤-Estradiol
8,Œ±-Propylaminopentiophenone
9,Œ±-Methylhistamine
10,Œ±-Methylhistamine
11,Zalcitabine
12,Xanthosine
13,Xanthosine
14,Xanthine
15,Xanthine
16,Xanthine
17,Voglibose
18,Vitamin A
19,Vinylcyclohexene
20,Vinylcyclohexene
21,Vinylcyclohexene
22,Vinylcyclohexene
23,Vinylcyclohexene
24,Vinylcyclohexene
25,Vinylcyclohexene
26,Vinylcyclohexene
27,Vinylcyclohexene
28,vinyl sulfide
29,Verlukast
30,Veratrole
31,Veratrole
32,Vanylglycol
33,Vanylglycol
34,Valylvaline
35,Valyl-4-hydroxyproline
36,Valproylcarnitine
37,Valine
38,Valeryl fentanyl-d5
39,Valerophenone
40,Valerophenone
41,Val-lys
42,V-Pyrro/NO
43,V-Pyrro/NO
44,Urolithin c 3-sulfate
45,Urocanic acid
46,Urocanic acid
47,Urocanic acid
48,Uridine
49,Uridine
50,Uridine
51,Uridine
52,Uridine
53,Uric acid
54,Uric acid
55,Uric acid
56,Ureidopropionic acid
57,Uracil
58,Uracil
59,Uracil
60,Tyrphostin AG 126
61,Tyrosol
62,Tyrosol
63,Tyrosol
64,tutin
65,tutin
66,tutin
67,tutin
68,Tryptophan 2-C-mannoside
69,Tryptophan 2-C-mannoside
70,Tropolone A
71,Tropine
72,Tris(2-chloroethyl) phosphate
73,Tris(2-butoxyethyl) phosphate
74,Tris(2-butoxyethyl) phosphate
75,Tris(2-butoxyethyl) phosphate
76,Tripropionin
77,Trimethylolpropane
78,Trimethylolmelamine
79,Trimethadione
80,Trimethadione
81,Triisobutyl phosphate
82,Trihexyphenidyl
83,Trihexyphenidyl
84,Trigonelline
85,Trifluoromethyl-bismethyl ketone
86,TRIETHYLENE GLYCOL
87,TRIETHYLENE GLYCOL
88,TRIETHYLENE GLYCOL
89,TRIETHYLENE GLYCOL
90,TRIETHYLENE GLYCOL
91,Triethyl orthoformate
92,Triethyl orthoformate
93,Triethanolamine
94,Triethanolamine
95,Tridemorph
96,Tridemorph
97,Trichoderonin
98,TRIBUTYL PHOSPHATE
99,Triacetic acid
100,trans-Hexadec-2-enoyl carnitine
101,trans-3-Indoleacrylic acid
102,Tranexamic Acid
103,Toluene
104,Tolmetin
105,Toldimfos
106,TKK
107,TKK
108,TKK
109,TKK
110,TKK
111,TKK
112,TKK
113,TKK
114,TKK
115,TKK
116,TKK
117,Tiglylcarnitine
118,Thymine
119,Thymine
120,thioquinone
121,thioquinone
122,thioquinone
123,thioquinone
124,thioquinone
125,Thiolactomycin
126,theophylline one
127,Theophylline
128,Theophylline
129,thelepin
130,Tetrapeptide
131,Tetrapeptide
132,tetrahydrothiazine
133,Tetrahydrofuranylmethyl
134,Tetraglyme
135,Tetraglycol
136,Tetraglycol
137,Tetraglycol
138,Tetraglycol
139,Terephthalic acid
140,Terephthalic acid
141,Terephthalic acid
142,Terbutaline
143,Taurocyamine
144,Taurocholic acid
145,Taurocholic acid
146,Taurocholic acid
147,Taurocholic acid
148,Taurine
149,Taurine
150,Taurine
151,Taurine
152,Taurine
153,Taurine
154,Taurine
155,Taurine
156,Taurine
157,Tamsulosin
158,Sulforhodanin
159,Sulfonethylmethane
160,Sulfonamidoethanol
161,Succinylcarnitine
162,Succinimidyl acetate
163,Suberic acid
164,Styrylacetic acid
165,Styrylacetic acid
166,Streptidine
167,Stearic acid
168,Stearic acid
169,Stearic acid
170,Stearic acid
171,Stearamide
172,Spisulosine
173,Spisulosine
174,Sphingosine (d18:1)
175,Sphingosine
176,Sphingosine
177,Serotonin
178,serine thiol
179,Selenium Sulfide
180,Selenium Sulfide
181,Selenium Sulfide
182,Selenium Sulfide
183,Selenium Sulfide
184,Selenium Sulfide
185,Selenium Sulfide
186,Selenium Sulfide
187,Selenium Sulfide
188,Selenium Sulfide
189,Secobarbital
190,Secnidazole
191,Secnidazole
192,Sceptrin
193,Santene
194,Sakuranin
195,ROSIN
196,Ribonic acid
197,Ribonic acid
198,Quinone
199,Quinone
200,Pyroglutamic acid
201,Pyroglutamic acid
202,Pyrocatechol
203,"Pyriminobac-methyl, (Z)-"
204,"Pyrimidine-2,4,6-triol"
205,pyrazole triol
206,Pseudouridine
207,Pseudouridine
208,Pseudouridine
209,Propylparaben
210,Propofol
211,Propofol
212,propionylcarnitine
213,Propionylcarnitine
214,propionylcarnitine
215,propionylcarnitine
216,Proline betaine
217,Proacacipetalin
218,pro-gln
219,Pregabalin
220,PPG n4
221,Pivagabine
222,Pirbuterol
223,Pirbuterol
224,Pipecolic acid
225,Pipecolic acid
226,Pipecolic acid
227,Phthalic anhydride
228,Phthalic anhydride
229,Phthalic anhydride
230,Phthalic anhydride
231,Phthalic acid
232,Phthalic acid
233,Phthalic acid
234,Phthalic acid
235,Photomirex
236,Phosphoserine
237,Phosphate
238,Phosphate
239,Phorone
240,Phenylmethanediol
241,Phenylacetylglycine
242,Phenyl phosphonothioate
243,Phentermine
244,Phenol
245,Phenethyl isocyanate
246,Phencyclidine
247,Phencyclidine
248,Phenazone
249,Phenamil
250,Phenacetin
251,Phenacetin
252,Perillyl alcohol
253,Perfluoro-1-octanesulfonic acid (PFOS)
254,pentahomomethionine
255,Pentaethylene glycol
256,Pentadecanoic Acid
257,Pentadecanoic acid
258,"Pentacyclo(5.4.0.02,6.03,10.05,9)undecane"
259,"Pentacyclo(5.4.0.02,6.03,10.05,9)undecane"
260,Penicillanic acid
261,PEG n5
262,PEG n5
263,PEG n5
264,PEG n13
265,PEG n13
266,PEG n12
267,PEG n12
268,PEG n12
269,PEG n11
270,PEG n10
271,PEG n10
272,PEG n10
273,PC(14:0/P-18:0)
274,Pantothenic acid
275,Pantothenic acid
276,Pantothenic acid
277,Palmitoylcarnitine
278,Palmitoylcarnitine
279,Palmitoyl sphingomyelin
280,Palmitic acid
281,Palmitamine
282,PALGLY
283,"p-Mentha-1,3,5,8-tetraene"
284,P-DMEA
285,p-Cresol
286,Oxiracetam
287,Oxazine
288,Oxazine
289,Oxazine
290,Oxazine
291,Ostruthin
292,Ostruthin
293,Orotidine
294,Ornithine
295,Ornithine
296,Ornithine
297,Ornithine
298,Ornithine
299,Ornithine
300,Ornithine
301,OR-1896
302,Oleic acid
303,Oleic acid
304,Oleic acid
305,Oleamide
306,Oleamide
307,Oleamide
308,Octadecanamine
309,octadec-9-ynoic acid
310,octadec-9-ynoic acid
311,octadec-9-ynoic acid
312,Octabenzone
313,Octabenzone
314,o-Xylene
315,o-Toluidine
316,O-Succinyl-L-homoserine
317,O-Phosphoethanolamine
318,O-Desmethylangolensin
319,O-Demethylmetoprolol
320,"O-(4,8-dimethylnonanoyl)carnitine"
321,NPYR
322,NPYR
323,NP-021698
324,NP-021698
325,NP-019722
326,NP-017152
327,NP-016928
328,NP-014287
329,NP-012534
330,NP-012534
331,NP-012534
332,NP-011548
333,NP-011548
334,NP-008309
335,NP-008309
336,NP-008309
337,NP-006255
338,NP-002322
339,NP-002105
340,NP-001798
341,NP-000615
342,NP-000615
343,NP-000615
344,NP-000615
345,Norvaline
346,Nonanoylcarnitine
347,Nitrosoguvacoline
348,Nitrosoguvacoline
349,Nitrosoguvacoline
350,Nipecotic acid
351,nifuratrone
352,Nicotinamide 1-oxide
353,Nicotinamide
354,Nicotinamide
355,Neuraminic acid
356,N6-Ethanimidoyl-D-lysine
357,N6-Carboxymethyllysine
358,"N6,N6,N6-Trimethyl-L-lysine"
359,N4-[5-(2-pyridyl)-2-thienyl]morpholine-4-carboxamide
360,"N3,N4-Dimethyl-L-arginine"
361,"N3,N4-Dimethyl-L-arginine"
362,N2-Methyl-L-lysine
363,N2-gamma-Glutamylglutamine
364,N2-Acetylornithine
365,N2-Acetylornithine
366,"N2-(2,4-dimethylphenyl)-1,3-benzothiazol-2-amine"
367,"N2,N5-Diacetylornithine"
368,"N2,N5-Diacetylornithine"
369,N1-cyclopropyl-3-(trifluoromethyl)benzamide
370,"N1-[5-(tert-Butyl)-1,3-oxathiol-2-yliden]-2,4,5-trimethylaniline"
371,"N1-[5-(4-fluoroanilino)penta-2,4-dienylidene]-4-fluoroaniline hydrochloride"
372,"N1-[5-(4-fluoroanilino)penta-2,4-dienylidene]-4-fluoroaniline hydrochloride"
373,"N1-(3-Pyridylmethyl)-3-(3,4-dichlorophenyl)acrylamide"
374,"N1-(3-Pyridylmethyl)-3-(3,4-dichlorophenyl)acrylamide"
375,"N1-(3-Pyridylmethyl)-3-(3,4-dichlorophenyl)acrylamide"
376,"N1-(1,3,5-Trimethyl-1H-pyrazol-4-yl)-2-cyano-3-(dimethylamino)acrylamide"
377,N-VINYL-2-PYRROLIDONE
378,N-Succinyl-L-diaminopimelic acid
379,N-Succinyl-L-diaminopimelic acid
380,N-NITROSOMORPHOLINE
381,N-Mononitrosopiperazine
382,N-Mononitrosopiperazine
383,N-Methylnicotinamide
384,N-Methylcaprolactam
385,N-Methylcaprolactam
386,N-Methylcaprolactam
387,n-methacryloyl-l-histidine methyl ester
388,N-Lactoylleucine
389,N-Lactoylleucine
390,N-Isovalerylglycine
391,N-Heptanoylglycine
392,N-Heptanoylglycine
393,N-Heptanoylglycine
394,n-Heptafluorobutyrylimidazole
395,N-Glycolylneuraminic acid
396,N-Ethyl-N-methylcathinone
397,N-Dodecylsarcosinate
398,N-Cyclohexylformamide
399,N-Cyclohexylformamide
400,N-Butylbenzenesulfonamide
401,N-Butylbenzenesulfonamide
402,N-Butylbenzenesulfonamide
403,N-Butylbenzenesulfonamide
404,N-Butylbenzenesulfonamide
405,N-Butylbenzenesulfonamide
406,N-Butylbenzenesulfonamide
407,N-allyl-2-(2-methyl-1-benzofuran-3-yl)acetamide
408,N-Acetyltaurine
409,N-Acetylglutamine
410,N-Acetylglucosaminitol
411,N-Acetylglucosaminitol
412,N-Acetylglucosaminitol
413,N-Acetyl-S-allylcysteine
414,N-Acetyl-S-allylcysteine
415,N-Acetyl-L-tyrosine
416,N-Acetyl-L-histidine
417,N-Acetyl-L-histidine
418,N-Acetyl-L-histidine
419,N-Acetyl-L-histidine
420,N-Acetyl-L-histidine
421,N-Acetyl-L-glutamic acid
422,N-Acetyl-L-aspartic acid
423,N-Acetyl-DL-tryptophan
424,N-Acetyl-D-alloisoleucine
425,N-Acetyl-5-aminosalicylic acid
426,N-a-Acetyl-L-arginine
427,"N-[3-(aminosulfonyl)phenyl]-2,3-dihydro-1,4-benzodioxine-2-carboxamide"
428,N-[1-(4-Methoxy-2-oxo-2H-pyran-6-yl)-2-methylpropyl]acetamide
429,N-[1-(4-methoxy-2-oxo-2H-pyran-6-yl)-2-methylbutyl]acetamide
430,"N-({(2R,4S,5R)-5-[3-(3,4-Dimethoxyphenyl)-1-methyl-1H-pyrazol-5-yl]-1-azabicyclo[2.2.2]oct-2-yl}methyl)-2,2-dimethylpropanamide"
431,N-(Hydroxymethyl)acrylamide
432,N-(4-fluoro-1-methyl-1H-indazol-3-yl)-3-(3-methyl-1H-indol-1-yl)propanamide
433,N-(4-fluoro-1-methyl-1H-indazol-3-yl)-3-(3-methyl-1H-indol-1-yl)propanamide
434,N-(3-Hydroxypropyl)valine
435,N-(3-Carboxypropanoyl)-5-hydroxynorvaline
436,N-(3-Carboxy-3-hydroxypropyl)-4-[(carboxymethyl)amino]threonine
437,N-(3-Amino-3-oxopropyl)-L-valine
438,N-(2-Methylacryloyl)-L-histidine
439,N-(2-Hydroxypropyl)valine
440,N-(2-Hydroxypropyl)valine
441,N-(2-Hydroxyethyl)-morpholine N-oxide
442,N-(2-Hydroxyethyl)-morpholine N-oxide
443,N-(2-Hydroxyethyl)-morpholine N-oxide
444,N-(2-Hydroxyethyl)-morpholine N-oxide
445,N-(2-Hydroxyethyl)-morpholine N-oxide
446,N-(2-Hydroxyethyl)-morpholine N-oxide
447,N-(2-Carboxymethyl)-morpholine
448,N-(2-(Mercaptomethyl)-3-phenylbutanoyl)-L-alanine
449,"N-(2,2,4,4-Tetramethyl-3-thietanyl)alaninamide"
450,N-(1-Adamantyl)urea
451,"N,O-Didesmethyltramadol"
452,"N,N-Dimethylsphingosine"
453,"N,N-Dimethylpentylone"
454,"N,N-Dimethylpentylone"
455,"N,N-Dimethylformamide dimethyl acetal"
456,"N,N-Dimethylformamide dimethyl acetal"
457,"N,N-Dimethylformamide"
458,"N,N-DIMETHYLACETAMIDE"
459,"N,N-DIMETHYLACETAMIDE"
460,"N,N-dimethyl-N'-(3-phenyl[1,2,4]triazolo[4,3-b]pyridazin-6-yl)iminoformamide"
461,"N,N-dimethyl-N'-(2-thienylmethyl)thiourea"
462,"N,N-dimethyl-N'-(2-thienylmethyl)thiourea"
463,"N,N-dimethyl-N'-(2-thienylmethyl)thiourea"
464,"N,N-dimethyl-N'-(2-thienylmethyl)thiourea"
465,"N,N-dimethyl-N'-(2-thienylmethyl)thiourea"
466,"N,N-Diethylethanolamine"
467,"N,N-Bis(2-hydroxyethyl)formamide"
468,"N,N-Bis(2-hydroxyethyl)formamide"
469,"N,N-Bis(2-chloroethyl)aniline"
470,"N,N-Bis(2-chloroethyl)aniline"
471,"N,N-Bis(2-chloroethyl)aniline"
472,N(6)-Methyllysine
473,N'-[(4-Oxo-4H-chromen-3-yl)methylene]nicotinohydrazide
474,Myristoylcarnitine
475,MYRISTOYL-GLY-OH
476,Myristic Acid
477,Myristic Acid
478,myo-Inositol
479,myo-Inositol
480,"Morpholine, 4-(3-(4-(1,1-dimethylpropyl)phenyl)-2-methylpropyl)-2,6-dimethyl-"
481,"Morpholine, 4-(3-(4-(1,1-dimethylpropyl)phenyl)-2-methylpropyl)-2,6-dimethyl-"
482,Monomethyl phthalate
483,MG(18:0/0:0/0:0)
484,MG(0:0/16:0/0:0)
485,MG(0:0/16:0/0:0)
486,Metronidazole
487,Metronidazole
488,Methyprylon
489,Methyprylon
490,Methylimidazoleacetic acid
491,Methylimidazoleacetic acid
492,Methylimidazoleacetic acid
493,Methylglyoxal-bis-guanylhydrazone
494,Methylenecyclohexane
495,Methylenecyclohexane
496,Methylendiglyoxal
497,Methylendiglyoxal
498,"Methyl N-cyano-N'-[2-(2,2-dichlorocyclopropyl)ethyl]carbamimidothioate"
499,Methyl isoeugenol
500,"methyl 3,3,3-trifluoro-2-hydroxy-2-[(2-phenoxyacetyl)amino]propanoate"
501,"methyl (Z)-6-(3,7-dimethyl-2-oxo-1,3-benzoxazol-5-yl)-6-(3-methoxy-7-methyl-1,2-benzoxazol-5-yl)hex-5-enoate"
502,"methyl (Z)-6-(3,7-dimethyl-2-oxo-1,3-benzoxazol-5-yl)-6-(3-methoxy-7-methyl-1,2-benzoxazol-5-yl)hex-5-enoate"
503,Methoxamine
504,methoprolol
505,methoprolol
506,Metharbital
507,Methacrifos
508,Metanephrine
509,Mavatrep
510,Malonylglycine
511,Malonylglycine
512,Macromomycin B
513,m-Toluamide
514,m-Toluamide
515,m-Cresol
516,"LysoPI(20:4(5Z,8Z,11Z,14Z)/0:0)"
517,LysoPI(18:0/0:0)
518,"LysoPE(22:6(4Z,7Z,10Z,13Z,16Z,19Z)/0:0)"
519,LysoPC(P-18:1(9Z)/0:0)
520,"LysoPC(18:3(6Z,9Z,12Z)/0:0)"
521,"LysoPC(18:2(9Z,12Z)/0:0)"
522,"LysoPC(18:2(9Z,12Z)/0:0)"
523,LSD-d3
524,LNK
525,Linoleyl carnitine
526,Linoleic Acid
527,Linoleamide
528,Linoleamide
529,Linoleamide
530,Leucylproline
531,Leucylproline
532,Leucylproline
533,Leucylproline
534,leucoline
535,Leucine
536,LASIOCARPINE
537,LASIOCARPINE
538,LASIOCARPINE
539,LASIOCARPINE
540,Lanthionine ketimine
541,Lanthionine ketimine
542,Lamotrigine
543,Lactamide
544,L-Œ±-Glutamyl-N~5~-(diaminomethylene)-L-ornithine
545,L-Valine
546,L-Tyrosine
547,L-Tyrosine
548,L-Threonine
549,L-Threonine
550,L-Threonic acid
551,L-Threonic acid
552,L-Serine
553,L-Pyroglutamic acid
554,L-Pyroglutamic acid
555,L-Pyroglutamic acid
556,L-Pyroglutamic acid
557,L-Pyroglutamic acid
558,L-Pyroglutamic acid
559,L-Pyroglutamic acid
560,L-Pyroglutamic acid
561,L-Prolyl-4-hydroxy-L-prolin
562,L-Proline
563,L-prolinamide
564,L-Phenylalanine
565,L-Phenylalanine
566,L-Phenylalanine
567,L-Palmitoylcarnitine
568,L-Methionine sulfoxide
569,L-Methionine
570,L-Lysine
571,L-Lysine
572,L-Kynurenine
573,L-Isoleucine
574,L-Isoleucine
575,L-Isoleucine
576,L-Isoleucine
577,L-Isoleucine
578,L-Isoleucine
579,L-Isoleucine
580,L-Histidine
581,L-Histidine
582,L-Histidine
583,L-Histidine
584,L-Histidine
585,L-Glutamine
586,L-Glutamine
587,L-Glutamine
588,L-Glutamine
589,L-Glutamine
590,L-Glutamine
591,L-Glutamic acid
592,L-Glutamic acid
593,L-Fucose
594,L-Ergothioneine
595,L-Cystine
596,L-Cysteinylglycine disulfide
597,L-Aspartic acid
598,L-Arginine
599,L-Arginine
600,L-Alanyl-3-{[(2E)-4-amino-4-oxo-2-butenoyl]amino}-L-alanine
601,L-Alanine-4-nitroanilide
602,L-(-)-Methionine
603,L-(-)-Methionine
604,L-(-)-Methionine
605,"L,L-Cyclo(leucylprolyl)"
606,"L,L-Cyclo(leucylprolyl)"
607,L(-)-Pipecolinic acid
608,L(-)-Pipecolinic acid
609,L(-)-Pipecolinic acid
610,L(-)-Carnitine
611,L(-)-Carnitine
612,L(+)-2-Aminobutyric acid
613,Ketorolac
614,Ketorolac
615,Keto-3-deoxy-D-manno-octulosonic acid
616,Keto-3-deoxy-D-manno-octulosonic acid
617,"keto-1,4-benzoquinone"
618,"keto-1,4-benzoquinone"
619,Kanosamine
620,ISOSAFROLE
621,Isoleucine
622,Isoleucine
623,Isocytosine
624,Isocytosine
625,Isocitric acid
626,Isobutyrylglycine
627,Isobutyrylglycine
628,Isobutyrylglycine
629,Isobutyrylglycine
630,Isobutyramide
631,Isobutyramide
632,Inosine
633,Indoline
634,Indoleacrylic acid
635,Indole-3-lactic acid
636,Indole-3-lactic acid
637,Indole-3-lactic acid
638,Indole-3-lactic acid
639,Indole-3-carboxaldehyde
640,Indole-3-acetylglycine
641,Indole
642,Incadronic acid
643,Imidazoleacetic acid
644,Hypotaurine
645,Hydroxytyrosol 3'-glucuronide
646,Hydroxytyrosol
647,Hydroxytyrosol
648,Hydroxyphenylacetylglycine
649,Hydroxykynurenine
650,Hydroxycitronellal diethyl acetal
651,Hydroxycitronellal diethyl acetal
652,Hydrocinnamic acid
653,Hydrocinnamic acid
654,Homogentisic acid
655,Homocitrulline
656,Homocitrulline
657,Homo-L-arginine
658,Homo-L-arginine
659,Homo-L-arginine
660,HO-dPEG6-OH
661,Hexyl 2-methyl-4-pentenoate
662,Hexyl 2-methyl-4-pentenoate
663,Hexyl 2-methyl-4-pentenoate
664,Hexanoylglycine
665,Hexanoylcarnitine
666,Hexadecylamine
667,Hexadecylamine
668,Hexadecylamine
669,HET0016
670,Heptylbenzene
671,Heptaethylene Glycol
672,Heptaethylene Glycol
673,Heliotridine
674,Heliotridine
675,HC red 3
676,Guanosine
677,Guanine
678,Guanine
679,Guanidinosuccinic acid
680,Guanidineacetic acid
681,Guaiacol
682,Glycylleucine
683,Glycylglutamic acid
684,Glycerylphosphorylethanolamine
685,Glycerophosphoglycerol
686,Glycerophosphocholine
687,Glycerophosphocholine
688,Glycerophosphocholine
689,Glycerophosphocholine
690,Glycerophosphocholine
691,Glycerophosphocholine
692,Glycerolphosphate
693,Glycerol 3-phosphate
694,Glycerol 3-phosphate
695,Glutarylcarnitine
696,Glutaric acid
697,Glutamic acid diethyl ester
698,"Glucosamine, N-carbamoyl-(6CI)"
699,Glucosamine
700,Gluconic acid
701,Gluconic acid
702,Gluconic acid
703,Gluconic acid
704,Gluconic acid
705,Geranyl acetate
706,Gentisic acid
707,Gentisic acid
708,gamma-Glutamyltyrosine
709,gamma-Glutamylisoleucine
710,gamma-Glutamylacetamide
711,gamma-Glutamylacetamide
712,gamma-Glutamylacetamide
713,gamma-Butyrolactone
714,gamma-Butyrolactone
715,gamma-Butyrolactone
716,gamma-Butyrolactone
717,Galaxolidone
718,Galaxolidone
719,Galactitol
720,Galactitol
721,Gabapentin
722,Furfural diethyl acetal
723,fructosylglycine
724,Fructosyl valine
725,Fructosyl valine
726,Fructose-lysine
727,Fructose lactate
728,Fructose lactate
729,Fructose lactate
730,fosfocreatinine
731,Fomepizole
732,fluticasone
733,Fenipentol
734,Fenipentol
735,Farmocaine
736,Farmocaine
737,FAMPHUR
738,Fallypride
739,Etoprine
740,Ethyl Œ≤-methylthiopropionate
741,Ethyl Œ≤-methylthiopropionate
742,Ethyl N2-acetyl-L-argininate
743,Ethyl myristate
744,Ethyl myristate
745,Ethyl myristate
746,Ethyl myristate
747,Ethyl myristate
748,Ethyl myristate
749,Ethyl myristate
750,Ethyl lysine
751,Ethyl lysine
752,Ethyl gallate
753,Ethyl beta-D-glucopyranoside
754,"Ethyl 4-(3-oxo-2,3-dihydroisothiazol-2-yl)benzoate"
755,"Ethyl 4-(3-oxo-2,3-dihydroisothiazol-2-yl)benzoate"
756,ethyl 2-amino-2-phenylacetate hydrochloride
757,ethyl 2-[(6-oxo-6H-benzo[c]chromen-3-yl)oxy]acetate
758,ethyl 1-{[1-benzyl-3-(tert-butyl)-1H-pyrazol-5-yl]carbonyl}-4-piperidinecarboxylate
759,Ethephon
760,Ethephon
761,Ethephon
762,Ethephon
763,Ethephon
764,Ethephon
765,Ethephon
766,Ethephon
767,Ethephon
768,Ethephon
769,Ethephon
770,Ethephon
771,Ethephon
772,Ethephon
773,Ethephon
774,Ethephon
775,Ethephon
776,Ethephon
777,"Ethanone, 1-(4-butylphenyl)-"
778,"Ethanone, 1-(4-butylphenyl)-"
779,Estriol
780,Estriol
781,Erucamide
782,Erucamide
783,Erucamide
784,Erucamide
785,Eplerenone
786,Embelin
787,Eicosapentaenoic acid
788,Ectoine
789,Ecgonine Ethyl Ester
790,Ecgonine Ethyl Ester
791,Dyphylline
792,Dyphylline
793,Dodecanamide
794,Docosahexaenoic Acid
795,Docosahexaenoic acid
796,DL-Œ≤-Leucine
797,DL-Œ≤-Leucine
798,DL-Œ≤-Leucine
799,DL-Œ≤-Leucine
800,DL-Œ±-Aminocaprylic acid
801,DL-Tryptophan
802,DL-Tryptophan
803,DL-Stachydrine
804,DL-Serine
805,DL-Malic acid
806,DL-Malic acid
807,DL-Glutamine
808,DL-Glutamine
809,DL-Glutamine
810,DL-Arginine
811,DL-Alanyl-DL-leucine
812,DL-2-Aminooctanoic acid
813,DL-2-Aminooctanoic acid
814,DL-2-(acetylamino)-3-phenylpropanoic acid
815,Divinyl sulfone
816,Disperse orange 1
817,Dipropylene glycol dimethyl ether
818,Diphenyl sulfone
819,Dimyristoylphosphatidylethanolamine
820,Dimethylguanidino valeric acid
821,Dimethylglycine
822,Dimethylglycine
823,Dimethylenetriurea
824,Diisopropylethylamine
825,Diisopropylethylamine
826,Diisopropylamine
827,Diisopropylamine
828,Diisopropanolamine
829,Diisopropanolamine
830,Dihydrouracil
831,Dihydrothymine
832,Dihydrothymine
833,Dihydrothymine
834,Dihydromethysticin
835,Dihydrojasmone
836,Dihydrojasmone
837,Dihydrobiopterin
838,Diheptyl phthalate
839,Diheptyl phthalate
840,Diheptyl phthalate
841,Diheptyl phthalate
842,diethyl oxalpropionate
843,Diethanolamine
844,Dicyclanil
845,Diaveridine
846,Diaveridine
847,Diaminopimelic acid
848,Diaminopimelic acid
849,Diallyl sulfone
850,DI(Hydroxyethyl)ether
851,DI(Hydroxyethyl)ether
852,DI(Hydroxyethyl)ether
853,Descyclopropyl Abacavir
854,Deoxyadenosine
855,Deoxyadenosine
856,delta-Valerolactone
857,delta-Valerolactone
858,delta-Valerolactone
859,Delmopinol
860,DEET
861,DEET
862,Deepoxy-deoxynivalenol
863,Deepoxy-deoxynivalenol
864,Decanoylcarnitine
865,Daunosamine
866,Daunosamine
867,Daunosamine
868,Dapansutrile
869,Dapansutrile
870,Daidzein 4'-sulfate
871,Daidzein 4'-sulfate
872,D-Œ±-Hydroxyglutaric acid
873,D-Xylulosonic acid
874,D-Xylose
875,D-Xylose
876,D-Xylose
877,D-ribosylnicotinate
878,D-Ribose-1-phosphate
879,D-Mannose 6-phosphate
880,d-Glycero-d-galacto-heptose
881,D-Glucuronic acid
882,D-Glucuronic acid
883,D-Glucose
884,D-Glucose
885,D-Glucose
886,D-Glucosamine
887,D-Glucosamine
888,D-Carnitine
889,D-Carnitine
890,D-Carnitine
891,D-(-)-Glutamine
892,D-(-)-Glutamine
893,D-(-)-Glutamine
894,D-(-)-Glutamine
895,D-(-)-Glutamine
896,D-(-)-Aspartic acid
897,D-(+)-Tryptophan
898,D-(+)-Tryptophan
899,D-(+)-Tryptophan
900,D-(+)-Tryptophan
901,D-(+)-Tryptophan
902,D-(+)-Tryptophan
903,D-(+)-Pyroglutamic Acid
904,D-(+)-Pyroglutamic Acid
905,D-(+)-Pyroglutamic Acid
906,D-(+)-Proline
907,D-(+)-Proline
908,D-(+)-Proline
909,D-(+)-Glucose
910,D-(+)-Glucose
911,D-(+)-Glucose
912,Cytosine
913,Cytosine
914,Cytosine
915,Cytosine
916,Cytidine
917,Cytidine
918,Cytidine
919,Cytidine
920,Cytidine
921,Cytidine
922,Cytidine
923,Cytarabine
924,Cyprodenate
925,Cyprodenate
926,Cyheptamide
927,"Cyclopropanecarboxamide, 1,2,2,3,3-pentamethyl-"
928,"Cyclopropanecarboxamide, 1,2,2,3,3-pentamethyl-"
929,Cyclopentylamine
930,cyclohexyl{4-[4-nitro-2-(1H-pyrrol-1-yl)phenyl]piperazino}methanone
931,Cyclohexylamine
932,Cyclohexylamine
933,Cyclohexylamine
934,Cyclohexylamine
935,Cyclohexanecarbonyl
936,"Cyclohexa-1,2,4,5-tetraene"
937,"Cyclohepta-1,3,5-trione"
938,"Cyclohepta-1,3,5-trione"
939,Creatinine lactate
940,Creatinine
941,Creatinine
942,Creatinine
943,Creatine
944,Creatine
945,Creatine
946,Creatine
947,Creatine
948,Creatine
949,Creatine
950,Creatine
951,Creatine
952,Creatine
953,Creatine
954,Creatine
955,Creatine
956,Creatine
957,Coumarone
958,Coronene
959,Clonixin
960,Clonixin
961,Clonixin
962,Citrulline
963,Citrulline
964,Citrulline
965,Citrinin
966,Citraconic acid
967,cis-Aconitic acid
968,cis-5-Tetradecenoylcarnitine
969,cis-4-Octenedioic acid
970,Cinnamoylglycine
971,Cinnamic acid
972,Cinnamic acid
973,Cidofovir
974,Cidofovir
975,Chromane
976,Chromane
977,Choline
978,Choline
979,Choline
980,Choline
981,Choline
982,Choline
983,Choline
984,Choline
985,Cholesterol sulfate
986,Cetrimonium
987,Carnosine
988,Carboxyethylphosphoramide
989,Capryloylglycine
990,Caprolactam
991,Caproic acid
992,Cantharidin
993,Cannabidivarin
994,Candoxatril
995,Caffeine
996,C12-Carnitine
997,Butyrylcarnitine
998,Butyrylcarnitine
999,Butyric acid
1000,Butyric acid
1001,Butyric acid
1002,Butyric acid
1003,Butyric acid
1004,Butyric acid
1005,Butyric acid
1006,Butyric acid
1007,Butyric acid
1008,Butyric acid
1009,Butyric acid
1010,Butyric acid
1011,butoctamide
1012,Butenylcarnitine
1013,Butalbital
1014,Busulfan
1015,Bisthiosemi
1016,Bisphenol S
1017,Bis(methylbenzylidene)sorbitol
1018,bis(4-Octylphenyl)amine
1019,bis(4-Octylphenyl)amine
1020,Bis(4-ethylbenzylidene)sorbitol
1021,Bis(4-ethylbenzylidene)sorbitol
1022,Bis(4-ethylbenzylidene)sorbitol
1023,Bis(4-ethylbenzylidene)sorbitol
1024,Bis(4-ethylbenzylidene)sorbitol
1025,Bis(4-ethylbenzylidene)sorbitol
1026,Bis(4-ethylbenzylidene)sorbitol
1027,Bis(2-ethylhexyl) amine
1028,Biopterin
1029,Biopterin
1030,Bicine
1031,Bicine
1032,Betaine
1033,Betaine
1034,beta-Methylstyrene
1035,beta-Methylstyrene
1036,beta-Methylstyrene
1037,beta-Methylstyrene
1038,beta-Methylstyrene
1039,beta-Hydroxy-gamma-trimethylaminobutyric acid
1040,beta-Hydroxy-gamma-trimethylaminobutyric acid
1041,beta-Hydroxy-gamma-trimethylaminobutyric acid
1042,beta-Hydroxy-gamma-trimethylaminobutyric acid
1043,Beta-Guanidinopropionic acid
1044,Beta-Guanidinopropionic acid
1045,Beta-Guanidinopropionic acid
1046,beta-Alanine
1047,beta-Alanine
1048,beta-Alanine
1049,Benzoic acid
1050,Benzoic acid
1051,Benzo[c]phenanthridine
1052,Benzenesulfonamide
1053,"Benzene, p-di-tert-butoxy-"
1054,Benzene
1055,Benzaldehyde
1056,Azoxystrobin
1057,Azlocillin
1058,Azelaic acid
1059,Azelaic acid
1060,Azelaic acid
1061,Atrazine
1062,Atrazine
1063,ATEE
1064,ATEE
1065,Asparagine
1066,Asp-lys
1067,Ascorbyl palmitate
1068,Ascorbic acid
1069,ARAMITE
1070,Arachidoyl Ethanolamide
1071,Arachidoyl Ethanolamide
1072,Arachidonic acid
1073,Anthranilic acid
1074,Anhydrovitamin A
1075,Anhydroecgonine
1076,Amylbenzene
1077,Amphetamine
1078,Amphetamine
1079,Amphetamine
1080,Amphetamine
1081,Amphetamine
1082,Aminoadipic acid
1083,Aminoadipic acid
1084,Aminoadipic acid
1085,Altrenogest
1086,Altrenogest
1087,Alprenolol
1088,alpha-Methylene-gamma-butyrolactone
1089,alpha-Methylene-gamma-butyrolactone
1090,alpha-Linolenic acid
1091,alpha-Ketoisovaleric acid
1092,Allopurinol
1093,Allopurinol
1094,Allopumiliotoxin 267A
1095,Allopumiliotoxin 267A
1096,Allantoin
1097,Allantoic acid
1098,all-trans-Retinoic acid
1099,Albizziin
1100,ALA-PRO
1101,Adenosine
1102,Adenine
1103,Adenine
1104,Acrylophenone
1105,Acetylglycine
1106,Acetylglycine
1107,Acetylglycine
1108,Acetylcholine
1109,Acetyl-Œ≤-methylcholine
1110,Acetyl-L-carnitine
1111,Acetohydroxamic acid
1112,Acefylline
1113,Acefylline
1114,Acefylline
1115,[Similar to: Uridine; ŒîMass: 60.0179 Da]
1116,[Similar to: Uric acid; ŒîMass: 35.9741 Da]
1117,[Similar to: Taurine; ŒîMass: 162.0519 Da]
1118,[Similar to: Sorbitan monostearate; ŒîMass: 50.9862 Da]
1119,[Similar to: Sorbitan monostearate; ŒîMass: 50.9842 Da]
1120,[Similar to: Prostaglandin K1; ŒîMass: -100.0908 Da]
1121,[Similar to: Prostaglandin K1; ŒîMass: -100.0907 Da]
1122,[Similar to: Prostaglandin K1; ŒîMass: -100.0906 Da]
1123,[Similar to: Prostaglandin K1; ŒîMass: -100.0869 Da]
1124,"[Similar to: Phosphatidylinositol-1,2-dipalmitoyl; ŒîMass: -238.2320 Da]"
1125,[Similar to: Palmitic Acid; ŒîMass: 0.8273 Da]
1126,[Similar to: Oleoyl-L-Œ±-lysophosphatidic acid; ŒîMass: -238.2314 Da]
1127,[Similar to: NP-022368; ŒîMass: -0.9764 Da]
1128,[Similar to: NP-021152; ŒîMass: -490.2220 Da]
1129,[Similar to: NP-019547; ŒîMass: -96.0596 Da]
1130,[Similar to: NP-019547; ŒîMass: -96.0596 Da]
1131,[Similar to: NP-019547; ŒîMass: -96.0555 Da]
1132,[Similar to: NP-016371; ŒîMass: -470.4958 Da]
1133,[Similar to: NP-008309; ŒîMass: 31.9189 Da]
1134,[Similar to: NP-008309; ŒîMass: -4.0465 Da]
1135,[Similar to: NP-002267; ŒîMass: -594.3664 Da]
1136,[Similar to: N1-(4-cyclohexylphenyl)-2-[(4-methylphenyl)thio]acetamide; ŒîMass: 72.0610 Da]
1137,[Similar to: N1-(4-cyclohexylphenyl)-2-[(4-methylphenyl)thio]acetamide; ŒîMass: 72.0598 Da]
1138,[Similar to: N-{2-[(4-chlorobenzyl)thio]phenyl}-N'-[3-(trifluoromethyl)phenyl]urea; ŒîMass: -52.8113 Da]
1139,[Similar to: N-Arachidonoyl taurine; ŒîMass: -0.0147 Da]
1140,"[Similar to: N-[(1S,2S,8S,8aS)-8-Hydroxy-1,4a-dimethyl-7-{(2S)-1-oxo-1-[(2-pyridinylmethyl)amino]-2-propanyl}decahydro-2-naphthalenyl]-2-pyridinecarboxamide; ŒîMass: -276.1646 Da]"
1141,"[Similar to: N-({(2R,4S,5R)-5-[3-(3,4-Dimethoxyphenyl)-1-methyl-1H-pyrazol-5-yl]-1-azabicyclo[2.2.2]oct-2-yl}methyl)-2,2-dimethylpropanamide; ŒîMass: -200.1335 Da]"
1142,"[Similar to: N'1-[4-(Dimethylamino)benzoyl]-3-(1,3-benzodioxol-5-yl)prop-2-enohydrazide; ŒîMass: -26.0073 Da]"
1143,"[Similar to: N'1-[4-(Dimethylamino)benzoyl]-3-(1,3-benzodioxol-5-yl)prop-2-enohydrazide; ŒîMass: -152.0843 Da]"
1144,"[Similar to: N'1-[4-(Dimethylamino)benzoyl]-3-(1,3-benzodioxol-5-yl)prop-2-enohydrazide; ŒîMass: -152.0826 Da]"
1145,"[Similar to: N'1-[4-(Dimethylamino)benzoyl]-3-(1,3-benzodioxol-5-yl)prop-2-enohydrazide; ŒîMass: -150.0869 Da]"
1146,[Similar to: N'1-[1-(2-hydroxyphenyl)ethylidene]-3-methoxybenzene-1-carbohydrazide; ŒîMass: 206.1649 Da]
1147,"[Similar to: N'1-(2-Chlorobenzylidene)-4-hydroxy-3-(methylthio)-4,5,6,7-tetrahydrobenzo[c]thiophene-1-carbohydrazide; ŒîMass: -121.1029 Da]"
1148,[Similar to: L-Glutathione oxidized; ŒîMass: -0.0045 Da]
1149,[Similar to: Indole-3-acetyl-L-aspartic acid; ŒîMass: -83.1230 Da]
1150,[Similar to: Ethyl myristate; ŒîMass: 197.0430 Da]
1151,[Similar to: Ethyl myristate; ŒîMass: 197.0410 Da]
1152,[Similar to: DL-Œ≤-Leucine; ŒîMass: 73.9298 Da]
1153,[Similar to: DL-Tryptophan; ŒîMass: 35.9744 Da]
1154,[Similar to: Daidzein; ŒîMass: 80.0614 Da]
1155,[Similar to: Aspartame; ŒîMass: -129.0321 Da]
1156,[Similar to: Arachidonic acid; ŒîMass: 275.0663 Da]
1157,[Similar to: Arachidonic acid; ŒîMass: 275.0649 Da]
1158,[Similar to: Arachidonic acid; ŒîMass: 197.0433 Da]
1159,"[Similar to: [(1S,3R,13S,14S,17S,18R,19R,20S,21S,23R,24R,25S)-18,19,21-tris(acetyloxy)-24,25-dihydroxy-3,13,14,25-tetramethyl-6,15,22-trioxo-2,5,16-trioxa-11-azapentacyclo[15.7.1.0√Ça,√Ç?√¢¬Å¬∞.0√Çl,√Ç?√Çl.0√¢¬Å¬∑,√Ça√Ç?]pentacosa-7(12),8,10-trien-20-yl]methyl acetate; ŒîMass: -184.0862 Da]"
1160,[Similar to: 9-Nitrooleate; ŒîMass: 150.0415 Da]
1161,[Similar to: 5-amino-3-methyl-4-isoxazolecarbothioamide; ŒîMass: 0.0578 Da]
1162,"[Similar to: 5,7-Dihydroxy-4-(4-methoxyphenyl)-2-chromanone; ŒîMass: 80.1673 Da]"
1163,[Similar to: 4-[5-(Trifluoromethyl)-1H-pyrazol-3-yl]pyridine; ŒîMass: 99.9545 Da]
1164,[Similar to: 3-(4-Fluorophenyl)-5-(methylthio)-1H-pyrazole; ŒîMass: -15.0236 Da]
1165,[Similar to: 2-(acetylamino)-3-(1H-indol-3-yl)propanoic acid; ŒîMass: 31.9190 Da]
1166,[Similar to: 2-(acetylamino)-3-(1H-indol-3-yl)propanoic acid; ŒîMass: 156.0162 Da]
1167,[Similar to: 2-(acetylamino)-3-(1H-indol-3-yl)propanoic acid; ŒîMass: 156.0159 Da]
1168,[Similar to: 2-(acetylamino)-3-(1H-indol-3-yl)propanoic acid; ŒîMass: 120.0400 Da]
1169,[Similar to: 2-(acetylamino)-3-(1H-indol-3-yl)propanoic acid; ŒîMass: -6.0361 Da]
1170,[Similar to: 2-(acetylamino)-3-(1H-indol-3-yl)propanoic acid; ŒîMass: -6.0321 Da]
1171,[Similar to: 14(S)-HDHA; ŒîMass: 35.9719 Da]
1172,[Similar to: 11-trans Leukotriene C4; ŒîMass: -352.2094 Da]
1173,"[Similar to: 11,12-Epoxy-(5Z,8Z,11Z)-icosatrienoic acid; ŒîMass: 35.9747 Da]"
1174,"[Similar to: 11,12-Epoxy-(5Z,8Z,11Z)-icosatrienoic acid; ŒîMass: 0.0132 Da]"
1175,"[Similar to: 11,12-Epoxy-(5Z,8Z,11Z)-icosatrienoic acid; ŒîMass: 0.0129 Da]"
1176,"[Similar to: 11,12-Epoxy-(5Z,8Z,11Z)-icosatrienoic acid; ŒîMass: 0.0112 Da]"
1177,[Similar to: (+)-Syringaresinol; ŒîMass: -156.1450 Da]
1178,[3-[2-Aminoethoxy(hydroxy)phosphoryl]oxy-2-hydroxypropyl] hexadecanoate
1179,[3-(Hydroxymethyl)-3-methyl-2-oxobicyclo[2.2.1]hept-1-yl]methyl hexopyranoside
1180,"[3-(2,6-dichlorophenyl)-5-methyl-4-isoxazolyl]methyl N,N-dimethylcarbamodithioate"
1181,"[(3R,4S)-1-Acetyl-3-{2-[4-(4-fluorophenyl)-1-piperazinyl]ethyl}-4-piperidinyl]acetic acid"
1182,[(2S)-2-Amino-3-(1H-imidazol-5-yl)propanoyl] (2S)-2-amino-4-methylsulfanylbutanoate
1183,9-Octadecen-1-amine
1184,9-Octadecen-1-amine
1185,9-Decenoylcarnitine
1186,9-Deaza-9-(3-thienylmethyl)guanine
1187,9-Carboxy-6-hydroxynonanoate
1188,"9(Z),11(E)-Conjugated linoleic acid"
1189,8-Hydroxythioguanine
1190,8-(2-Hydroxyethyl)theophyline
1191,"8,8a-Diepiswainsonine"
1192,"8,8a-Diepiswainsonine"
1193,"8,8a-Diepiswainsonine"
1194,7-Propoxy-chromen-2-one
1195,7-Methylguanine
1196,7-Methylguanine
1197,"7,8-Dihydrobiopterin"
1198,"6H,8H-3,4-Dihydropyrimido(4,5-c)(1,2)oxazin-7-one"
1199,"6-Methyl[1,2,4]triazolo[4,3-b]pyridazin-8-ol"
1200,6-Methoxyquinoline
1201,6-Hydroxy-5-methoxy-1h-indole-2-carboxylic acid
1202,6-Hydroxy-2-naphthoic acid
1203,6-Guanidino-2-oxocaproic acid
1204,"6-Butyryl-2,2,4,4-tetramethyl-1,3,5-cyclohexanetrione"
1205,6-Aminonicotinic acid
1206,6-Aminocaproic acid
1207,6-[Ethyl-(3-isobutoxy-4-isopropylphenyl)amino]nicotinic acid
1208,"6-(4-methoxyphenyl)pyrimidine-2,4-diamine"
1209,"6-(1-Hydroxyethyl)-3-(hydroxymethyl)-2,7-dioxabicyclo[4.1.0]hept-3-en-5-one"
1210,"6-(1-Hydroxyethyl)-3-(hydroxymethyl)-2,7-dioxabicyclo[4.1.0]hept-3-en-5-one"
1211,"6-(1-Hydroxyethyl)-3-(hydroxymethyl)-2,7-dioxabicyclo[4.1.0]hept-3-en-5-one"
1212,"6,7-Dihydroxy-2-aminotetralin"
1213,5-methylthioribose
1214,5-Methylcytosine
1215,5-Methylcytidine
1216,5-Methylcytidine
1217,5-Methoxysalicylic acid
1218,5-Methoxysalicylic acid
1219,5-Methoxyindole
1220,5-hydroxyisouric acid
1221,5-Hydroxyindoleacetic acid
1222,5-Hydroxyindoleacetic acid
1223,5-Hydroxyindole-3-acetic acid
1224,5-Hydroxyindole-3-acetic acid
1225,"5-hydroxy-4-methoxy-5,6-dihydro-2H-pyran-2-one"
1226,5-Hydroxy-1-methylhydantoin
1227,5-Hexyl-2-oxotetrahydro-3-furancarboxylic acid
1228,5-Hexyl-2-oxotetrahydro-3-furancarboxylic acid
1229,5-Aminovaleric acid
1230,5-Aminolevulinic acid
1231,5-aminoimidazole ribotide
1232,"5-[(Z)-(4-Ethyl-3-methyl-5-oxo-1,5-dihydro-2H-pyrrol-2-ylidene)methyl]-5-methoxy-3-methyl-4-vinyl-1,5-dihydro-2H-pyrrol-2-one"
1233,"5-[(Z)-(4-Ethyl-3-methyl-5-oxo-1,5-dihydro-2H-pyrrol-2-ylidene)methyl]-5-methoxy-3-methyl-4-vinyl-1,5-dihydro-2H-pyrrol-2-one"
1234,"5-[(4-methoxyphenyl)methylene]-3-phenyl-2,5-dihydro-1,2,4-triazin-6(1H)-one"
1235,"5-(4-aminophenyl)-N-[2-(trifluoromethyl)phenyl]-1,3,4-thiadiazol-2-amine"
1236,"5,9:7,10a-Dimethano-10aH-[1,3]dioxocino[6,5-d]pyrimidine-4,7,10,11,12-pentol, octahydro-12-(hydroxymethyl)-2-imino-,(4R,4aR,5R,7S,9S,10S,10aR,11S,12S)-"
1237,"5,8-dihydroxy-10-methyl-5,8,9,10-tetrahydro-2H-oxecin-2-one"
1238,"5,8-dihydroxy-10-methyl-5,8,9,10-tetrahydro-2H-oxecin-2-one"
1239,"5,8-dihydroxy-10-methyl-5,8,9,10-tetrahydro-2H-oxecin-2-one"
1240,"5,5-Dimethylhydantoin"
1241,"5,5-Dimethylhydantoin"
1242,5'-N-Ethylcarboxamidoadenosine
1243,5'-N-Ethylcarboxamidoadenosine
1244,4-Undecylbenzenesulfonic acid
1245,4-Trimethylammoniobutanoic acid
1246,4-Trimethylammoniobutanoic acid
1247,4-tert-Octylphenol
1248,4-Phenolsulfonic acid
1249,4-Phenolsulfonic acid
1250,4-Oxoproline
1251,4-Oxoproline
1252,4-Oxoproline
1253,4-Oxoproline
1254,4-Oxoproline
1255,4-Oxoproline
1256,4-Morpholinopyridine
1257,"4-morpholino-6-phenylthieno[2,3-d]pyrimidine"
1258,4-Methylstyrene
1259,4-Methylstyrene
1260,4-Methylstyrene
1261,4-Methylstyrene
1262,4-Methylstyrene
1263,4-Methylstyrene
1264,4-Methylstyrene
1265,4-Methylstyrene
1266,4-Methylimidazole
1267,4-Methylcatechol
1268,"4-methyl-5-oxo-2-pentyl-2,5-dihydrofuran-3-carboxylic acid"
1269,"4-Methyl-2-[(1Z)-3-methyl-1,3-butadien-1-yl]oxepane"
1270,4-Methyl-1H-pyrrole-3-carboxamide
1271,4-Methyl-1H-pyrrole-3-carboxamide
1272,4-Methyl-1H-pyrrole-3-carboxamide
1273,4-Methyl-1-pentene
1274,4-Methyl-1-pentene
1275,4-Isobutylbenzoic acid
1276,4-Indolecarbaldehyde
1277,"4-Imino-1-(Œ≤-D-ribofuranosyl)-1,4-dihydro-3-pyridinecarboxylic acid"
1278,4-Hydroxyproline
1279,4-Hydroxyproline
1280,4-Hydroxyindole
1281,4-Hydroxyindole
1282,4-Hydroxyephedrine
1283,4-Hydroxybenzaldehyde
1284,4-Hydroxybenzaldehyde
1285,4-hydroxy-3-nitrophenylacetate
1286,4-Heptylphenol
1287,4-Guanidinobutanoic acid
1288,4-guanidinobutanal
1289,4-guanidinobutanal
1290,4-guanidinobutanal
1291,4-Fluoro-3-phenoxybenzoic acid
1292,4-Ethylphenylsulfate
1293,4-Ethylphenylsulfate
1294,4-Ethylphenol
1295,4-Ethylphenol
1296,4-Ethylphenol
1297,4-Ethyl-2-hydroxy-6-methoxyphenyl hydrogen sulfate
1298,"4-Decenoic acid, (4E)-"
1299,"4-Decenoic acid, (4E)-"
1300,4-Chlorotoluene
1301,4-Chloro-5-sulfamoylanthranilic acid
1302,4-Carboxy-2-[(5-oxidanidyl-5-oxidanylidenenorvalyl)amino]butanoate
1303,4-Carboxy-2-[(5-oxidanidyl-5-oxidanylidenenorvalyl)amino]butanoate
1304,4-Carboxy-2-[(5-oxidanidyl-5-oxidanylidenenorvalyl)amino]butanoate
1305,4-Carboxy-2-[(5-oxidanidyl-5-oxidanylidenenorvalyl)amino]butanoate
1306,4-Bis(2-hydroxyethyl)amino-L-phenylalanine
1307,4-Aminohex-5-ynoic acid
1308,4-Aminohex-5-ynoic acid
1309,4-Aminobenzamidine
1310,4-Aminoacetophenone
1311,4-Acetamidobutanoic acid
1312,4-Acetamidobenzoic acid
1313,4-Acetamidobenzoic acid
1314,4-Acetamidobenzoic acid
1315,4-[Amino(carboxy)methyl]-5-oxoproline
1316,"4-[(3E,5E,7E,9E,11E)-15-Hydroxy-3,7,12-trimethyl-3,5,7,9,11-pentadecapentaen-1-yn-1-yl]-3,5,5-trimethyl-3-cyclohexen-1-ol"
1317,"4-[(3E,5E,7E,9E,11E)-15-Hydroxy-3,7,12-trimethyl-3,5,7,9,11-pentadecapentaen-1-yn-1-yl]-3,5,5-trimethyl-3-cyclohexen-1-ol"
1318,"4-[(3E,5E,7E,9E,11E)-15-Hydroxy-3,7,12-trimethyl-3,5,7,9,11-pentadecapentaen-1-yn-1-yl]-3,5,5-trimethyl-3-cyclohexen-1-ol"
1319,"4-[(3E,5E,7E,9E,11E)-15-Hydroxy-3,7,12-trimethyl-3,5,7,9,11-pentadecapentaen-1-yn-1-yl]-3,5,5-trimethyl-3-cyclohexen-1-ol"
1320,"4-[(2,4-Dihydroxy-3,3-dimethylbutanoyl)amino]butanoic acid"
1321,4-(Methylthio)benzoic acid
1322,"4-(Hydroxymethyl)-2,6-diiminotetrahydro-1H,8H-pyrrolo[1,2-c]purine-5,10,10(6H,9H)-triol"
1323,4-(Dodecylamino)Phenol
1324,"4-(allyloxy)-1,2-dihydroquinolin-2-one"
1325,"4-(7-Hydroxy-3,4-dihydro-2H-chromen-3-yl)phenyl hydrogen sulfate"
1326,"4-(7-Hydroxy-3,4-dihydro-2H-chromen-3-yl)phenyl hydrogen sulfate"
1327,"4-(3-nitrophenyl)-1,3-thiazol-2-amine"
1328,4-(2-Naphthyloxy)-2-butyne-1-amine
1329,4-(2-Naphthyloxy)-2-butyne-1-amine
1330,4-(2-chloro-6-fluorostyryl)pyrimidin-2-amine
1331,4-(2-chloro-6-fluorostyryl)pyrimidin-2-amine
1332,4-(2-chloro-6-fluorostyryl)pyrimidin-2-amine
1333,4-(2-chloro-6-fluorostyryl)pyrimidin-2-amine
1334,4-(2-chloro-6-fluorostyryl)pyrimidin-2-amine
1335,4-(2-chloro-6-fluorostyryl)pyrimidin-2-amine
1336,4-(2-chloro-6-fluorostyryl)pyrimidin-2-amine
1337,4-(2-chloro-6-fluorostyryl)pyrimidin-2-amine
1338,4-(2-chloro-6-fluorostyryl)pyrimidin-2-amine
1339,4-(2-chloro-6-fluorostyryl)pyrimidin-2-amine
1340,"4,8-Dihydroxy-2H-furo[2,3-h]chromen-2-one"
1341,"4,6-Bis(methylthio)hexanoic acid"
1342,"4,5-Epoxydec-2(trans)-enal"
1343,"4,4'-dimethoxy[1,1'-biphenyl]-2-carbonitrile"
1344,"4(1H)-Pyridinone, 2-ethyl-3-hydroxy-1-(2-hydroxyethyl)-"
1345,4'-(Imidazol-1-yl)acetophenone
1346,4'-(Imidazol-1-yl)acetophenone
1347,4'-(Imidazol-1-yl)acetophenone
1348,"4',5'-Dimethylfluorescein"
1349,3h-Adrenaline
1350,3h-Adrenaline
1351,3h-Adrenaline
1352,3-Ureidopropionic acid
1353,3-tert-Butyladipic acid
1354,"3-Propoxy-1H-pyrazole-4,5-diol"
1355,"3-Propoxy-1H-pyrazole-4,5-diol"
1356,3-Oxalomalic acid
1357,3-O-Methyl-a-methyldopamine
1358,3-Methyladipic acid
1359,3-methyl-5-oxo-5-(4-toluidino)pentanoic acid
1360,3-Methyl-1-(trimethylsilyl)-1H-indole
1361,3-Methyl sulfolene
1362,3-Mercapto-3-methylbutyl acetate
1363,3-Indoxyl sulphate
1364,3-Indoxyl sulphate
1365,3-Indoxyl sulphate
1366,3-Indoxyl sulphate
1367,3-Indoxyl sulphate
1368,3-Hydroxypyridine sulfate
1369,3-Hydroxynorvaline
1370,3-Hydroxylidocaine
1371,3-Hydroxyisovaleric acid
1372,3-Hydroxybutyrylcarnitine
1373,3-Hydroxyanthranilic acid
1374,3-Hydroxyanthranilic acid
1375,3-Hydroxy-L-proline
1376,3-Hydroxy-L-proline
1377,3-hydroxy-3-methylpentanedioic acid
1378,3-hydroxy-3-methylpentanedioic acid
1379,3-hydroxy-3-methylpentanedioic acid
1380,3-hydroxy-3-methylpentanedioic acid
1381,3-hydroxy-3-methylpentanedioic acid
1382,3-Diphosphoglyceric acid
1383,3-Dehydrocarnitine
1384,3-Dehydrocarnitine
1385,"3-Buten-2-ol, 4-phenyl-"
1386,"3-Buten-2-ol, 4-phenyl-"
1387,3-Azido-7-hydroxycoumarin
1388,"3-Aminobenzene-1,2-diol"
1389,3-Aminoadipic acid
1390,"3-amino-1H-pyrazolo[4,3-c]pyridine-4,6-diol"
1391,"3-amino-1H-pyrazolo[4,3-c]pyridine-4,6-diol"
1392,3-[4-(1-Imidazolylmethyl)phenyl]-2-propenoic acid
1393,"3-(methylthio)-1-[3-(trifluoromethyl)pyridin-2-yl]-1H-1,2,4-triazol-5-amine"
1394,"3-(4-chlorophenyl)-6-methyl-7H-[1,2,4]triazolo[3,4-b][1,3,4]thiadiazine"
1395,3-(4-acetylanilino)-1-(4-fluorophenyl)prop-2-en-1-one
1396,3-(3-methylthio)propylmalic acid
1397,3-(3-Hydroxyphenyl)propanoic acid
1398,"3-(3,4-dihydroxyphenyl)propanoic acid"
1399,"3-(3,4,5-Trimethoxyphenyl)propanoic acid"
1400,"3-(2,6-Dioxocyclohexyl)propanenitrile"
1401,3-((Aminooxy)methyl)phenol
1402,"3,7-Dimethylbicyclo[4.1.0]heptane-1,7-dicarbaldehyde"
1403,"3,7,11-Trimethyldodeca-2,6,10-trienoic acid"
1404,"3,4-Dihydroxyphenylpropionic acid"
1405,"3,3'-Iminodipropionitrile"
1406,"3,3'-Iminodipropionitrile"
1407,"3, 5-Tetradecadiencarnitine"
1408,2H-Pyran-2-one
1409,2H-Pyran-2-one
1410,2H-Pyran-2-one
1411,2H-Pyran-2-one
1412,2[5H]-furanone
1413,2-{[2-(4-methylpiperazino)phenyl]methylene}hydrazine-1-carbothioamide
1414,"2-{2-[(2E)-3,6-Dimethyl-2-hepten-1-yl]-3,4-dihydroxyphenyl}-7-hydroxy-2,3-dihydro-4H-chromen-4-one"
1415,2-Pyrrolidinone
1416,2-Propylacrylic acid
1417,2-Propylacrylic acid
1418,"2-Propyl-2,4-pentadienoic acid"
1419,2-Phosphonopropionic acid
1420,2-Phenylpyridine
1421,2-Phenyl-4-pentenal
1422,2-Pentylfuran
1423,2-Oxopropyl 2-oxopropanoate
1424,2-Oxo-4-methylthiobutanoic acid
1425,"2-oxa-4-azatetracyclo[6.3.1.1~6,10~.0~1,5~]tridecan-3-one"
1426,2-Octenal
1427,2-Nitrophenylhydrazine
1428,2-Naphthylamine
1429,2-Methylthiazolidine-4-carboxylic acid
1430,2-Methylcitric acid
1431,2-Methylbutyrylglycine
1432,2-Methylbutyrylglycine
1433,2-Methylbutyroylcarnitine
1434,2-Methylbutyroylcarnitine
1435,2-Methyl-5-propionylfuran
1436,2-Methyl-4-heptanone
1437,"2-Methyl-4,5-dihydro-3-thiophenethiol"
1438,2-Methyl-3-methoxy-4-phenylbutyric acid
1439,2-Methoxy-5-methylaniline
1440,2-Mercaptoethanol
1441,2-Mercaptoethanol
1442,2-Mercaptoethanol
1443,2-Ketobutyric acid
1444,2-Ketobutyric acid
1445,2-Ketobutyric acid
1446,2-Keto-glutaramic acid
1447,2-Indolecarboxylic acid
1448,2-Iminiopropanoate
1449,2-hydroxyoct-7-enoylglycine
1450,2-Hydroxyisovaleric acid
1451,2-Hydroxyhippuric acid
1452,2-Hydroxyhippuric acid
1453,2-Hydroxyhexadecanoylcarnitine
1454,2-hydroxyethinylestradiol
1455,2-Hydroxyestriol
1456,2-Hydroxydodecyl methacrylate
1457,2-Hydroxydodecyl methacrylate
1458,2-Hydroxyadipic acid
1459,2-Hydroxyadipic acid
1460,2-Hydroxyadipic acid
1461,2-Hydroxyadipic acid
1462,2-Hydroxy-5-(3-phenylpropanoyl)phenyl hydrogen sulfate
1463,2-Hydroxy-3-methylpentanoic acid
1464,2-Hydroxy-3-methylpentanoic acid
1465,2-Hydroxy-3-methylpentanoic acid
1466,2-Hydroxy-3-methylpentanoic acid
1467,2-Hydroxy-3-methylpentanoic acid
1468,2-Hydroxy-3-methylpentanoic acid
1469,2-Hydroxy-3-methylpentanoic acid
1470,2-Hydroxy-3-methylpentanoic acid
1471,2-Hexenal
1472,2-Hexenal
1473,2-Ethylhydracrylic acid
1474,2-Ethylhexanoic acid
1475,2-Ethylbut-2-enedioic acid
1476,2-Ethylbut-2-enedioic acid
1477,2-Ethylbut-2-enedioic acid
1478,2-Ethylbut-2-enedioic acid
1479,2-Ethylbut-2-enedioic acid
1480,"2-Ethyl-4,5-dimethylthiazole"
1481,2-Cyclohexen-1-one
1482,"2-cyano-2-(2,3-dihydro-1H-inden-1-yliden)acetamide"
1483,2-Chlorooctadecanoic acid
1484,2-Chlorooctadecanoic acid
1485,2-Chlorobenzylidenemalononitrile
1486,2-C-methylerythritol 4-phosphate
1487,2-C-methylerythritol 4-phosphate
1488,2-C-methylerythritol 4-phosphate
1489,2-C-methylerythritol 4-phosphate
1490,2-C-Methyl-D-erythritol
1491,2-Butylfuran
1492,2-Azaspiro[4.5]decan-3-one
1493,"2-Aminoethyl (2R)-2,3-dihydroxypropyl hydrogen phosphate"
1494,"2-Aminobicyclo[3.1.0]hexane-2,6-dicarboxylic acid"
1495,"2-Aminobicyclo[3.1.0]hexane-2,6-dicarboxylic acid"
1496,2-Aminoadipic acid
1497,2-Amino-6-purinethiol
1498,2-Amino-5-phosphonopentanoic acid
1499,2-Amino-4-nitrophenol
1500,2-Amino-4-methylpyrimidine
1501,2-Amino-4-methylpyridine
1502,2-amino-3-carboxymuconic acid semialdehyde
1503,"2-Amino-2-methyl-1,3-propanediol"
1504,2-Amino-2-deoxy-D-gluconic acid
1505,"2-Acetyl-6-hydroxy-7-(hydroxymethyl)-1,5,6,7-tetrahydro-4H-azepin-4-one"
1506,"2-Acetamido-2,6-dideoxygalactose"
1507,2-[[9-(1-Methylethyl)-6-[(phenylmethyl)amino]-9H-purin-2-yl]amino]-1-butanol
1508,"2-[(7-methyl-2,3-dihydro-1H-inden-4-yl)oxy]pyridin-3-amine"
1509,"2-[(7-methyl-2,3-dihydro-1H-inden-4-yl)oxy]pyridin-3-amine"
1510,"2-[(5Z,8Z,11Z)-icosatrienoyl]-sn-glycero-3-phosphoethanolamine"
1511,"2-[(2-chlorobenzyl)sulfanyl]-4,6-dimethylnicotinonitrile"
1512,"2-[(2-chlorobenzyl)sulfanyl]-4,6-dimethylnicotinonitrile"
1513,"2-[(2-chlorobenzyl)sulfanyl]-4,6-dimethylnicotinonitrile"
1514,2-(Sec-butyldisulfanyl)-1h-imidazole
1515,2-(Sec-butyldisulfanyl)-1h-imidazole
1516,2-(N-Morpholino)-ethanesulfonic acid
1517,2-(Methylsulfonyl)pyridine
1518,2-(Methylsulfonyl)pyridine
1519,2-(Methylsulfonyl)pyridine
1520,2-(Methylsulfonyl)pyridine
1521,2-(Ethylamino)ethanol
1522,2-(Ethylamino)ethanol
1523,2-(Ethylamino)ethanol
1524,2-(Carboxymethylamino)-3-methylbutanoic acid
1525,2-(Acetylamino)hexanoic acid
1526,2-(acetylamino)-4-(methylthio)butanoic acid
1527,2-(acetylamino)-4-(methylthio)butanoic acid
1528,2-(acetylamino)-3-(1H-indol-3-yl)propanoic acid
1529,2-(acetylamino)-3-(1H-indol-3-yl)propanoic acid
1530,"2-(4-chlorobenzoyl)-3-[(3-oxo-1,3-dihydroisobenzofuran-5-yl)amino]acrylonitrile"
1531,"2-(3-CARBOXYPROPIONYL)-6-HYDROXY-CYCLOHEXA-2,4-DIENE CARBOXYLIC ACID"
1532,2-(2-oxo-2-{[2-(2-oxo-1-imidazolidinyl)ethyl]amino}ethoxy)acetic acid
1533,2-(2-oxo-2-{[2-(2-oxo-1-imidazolidinyl)ethyl]amino}ethoxy)acetic acid
1534,2-(2-Hydroxyethyl)-4-oxohexanedioic acid
1535,2-(2-Aminopropanylamino)-4-carbamoylbutyric acid
1536,"2,7-Diamino-7-iminoheptanoic acid"
1537,"2,7-Diamino-7-iminoheptanoic acid"
1538,"2,6-Xylidine"
1539,"2,6-Xylidine"
1540,"2,6-Xylidine"
1541,"2,6-Dimethoxy-4-methylphenol"
1542,"2,6-dibromohydroquinone"
1543,"2,6-dibromohydroquinone"
1544,"2,6-Diaminopurine"
1545,"2,5-Dimethylfuran"
1546,"2,5-Dimethylfuran"
1547,"2,5-Dimethylfuran"
1548,"2,5-Dimethyl-4-ethoxy-3(2H)-furanone"
1549,"2,5-Dimethyl-4-ethoxy-3(2H)-furanone"
1550,"2,5-Dimethyl-3(2H)-furanone"
1551,"2,5-Dimethyl-3(2H)-furanone"
1552,"2,5-Dihydroxybenzenesulfonic Acid"
1553,"2,5-Dihydroxybenzenesulfonic Acid"
1554,"2,5-Dihydroxybenzenesulfonic Acid"
1555,"2,5-Dihydroxybenzenesulfonic Acid"
1556,"2,4-Xylidine"
1557,"2,4-Xylidine"
1558,"2,4-Heptadienal"
1559,"2,4-Heptadienal"
1560,"2,4-Heptadienal"
1561,"2,4-Dodecadienamide, N-(2-methylpropyl)-, (2E,4E)-"
1562,"2,4-Dimethylbenzaldehyde"
1563,"2,4-Dimethyl-1,3-oxazole-5-carboxylic acid"
1564,"2,4-Dimethyl-1,3-oxazole-5-carboxylic acid"
1565,"2,4-Diamino-6-nitrotoluene"
1566,"2,4-Diamino-6-nitrotoluene"
1567,"2,4-Diamino-6-nitrotoluene"
1568,"2,3-Dihydrobenzofuran"
1569,"2,3-Dihydrobenzofuran"
1570,"2,3-Dihydro-1-benzofuran-2-carboxylic acid"
1571,"2,3-Diamino-benzidine"
1572,"2,3-Diamino-benzidine"
1573,"2,3-Butanedione monoxime"
1574,"2,3-Butanedione monoxime"
1575,"2,3-Butanedione monoxime"
1576,"2,3-Butanedione monoxime"
1577,"2,3,4-Trihydroxybenzophenone"
1578,"2,3,4,9-Tetrahydro-1H-Œ≤-carboline-3-carboxylic acid"
1579,"2,3,4,5-tetrahydrodipicolinic acid"
1580,"2,3,4,5-tetrahydrodipicolinic acid"
1581,"2,2-Dichloro-1,1-ethanediol"
1582,"2,2-Dichloro-1,1,1-trifluoroethane"
1583,"2,2,6,6-Tetramethyl-4-piperidinol"
1584,"2,2,2-Trifluoroethanol"
1585,"2,2'-Anhydrocytidine"
1586,"2,2'-Anhydrocytidine"
1587,"2,2'-Anhydrocytidine"
1588,"2',3'-Dideoxyinosine"
1589,"2',3'-Didehydro-2',3'-dideoxyguanosine"
1590,"2',3'-Didehydro-2',3'-dideoxycytidine"
1591,1H-indene-3-carboxamide
1592,16-Hydroxyhexadecanoic acid
1593,"15-Ethyl-1,11-diazatetracyclo[13.3.1.0~4,12~.0~5,10~]nonadeca-5,7,9,11-tetraen-4-ol 1-oxide"
1594,14(S)-HDHA
1595,13-HODE
1596,"13,14-dihydro-15-keto-tetranor Prostaglandin D2"
1597,"12,13-Epoxytrichothec-9-ene-3,7,8,15-tetrol"
1598,"12,13-Epoxytrichothec-9-ene-3,7,8,15-tetrol"
1599,"12,13-Epoxytrichothec-9-ene-3,7,8,15-tetrol"
1600,11-Œ±-Hydroxy-17-methyltestosterone
1601,11-Aminoundecanoic acid
1602,11-Aminoundecanoic acid
1603,"11,12-Epoxy-(5Z,8Z,11Z)-icosatrienoic acid"
1604,10-Propoxydecanoic acid
1605,10-Nitrooleate
1606,10-Hydroxy-2-decenoic acid
1607,10-HDA
1608,10-HDA
1609,10-HDA
1610,"1-{[(3S,4S,5R)-2,3,4-Trihydroxy-5-(hydroxymethyl)tetrahydro-2-furanyl]methyl}-2-pyrrolidinecarboxylic acid (non-preferred name)"
1611,1-Vinylimidazole
1612,1-Pyrimidinylpiperazine
1613,1-Piperideine
1614,1-Phenylethylamine
1615,"1-Phenyl-1H-pyrazolo[3,4-d]pyrimidin-4-amine"
1616,"1-Phenyl-1H-pyrazolo[3,4-d]pyrimidin-4-amine"
1617,"1-Phenyl-1H-pyrazolo[3,4-d]pyrimidin-4-amine"
1618,"1-Phenyl-1H-pyrazolo[3,4-d]pyrimidin-4-amine"
1619,"1-Phenyl-1H-pyrazolo[3,4-d]pyrimidin-4-amine"
1620,1-Phenyl-1-cyclohexene
1621,1-O-Pentylglycerol
1622,1-Nitro-2-phenoxybenzene
1623,1-Nitro-2-phenoxybenzene
1624,1-Naphthylamine
1625,1-Naphthylamine
1626,1-Naphthylamine
1627,1-Naphthyl sulfate
1628,1-Naphthyl isocyanate
1629,1-Methylpyrrolidine
1630,1-Methylpyrrolidine
1631,1-Methylnicotinamide
1632,1-Methylnicotinamide
1633,1-Methylnicotinamide
1634,1-Methylindole
1635,1-Methylhistidine
1636,1-Methylhistidine
1637,"1-Methylcyclohexane-1,2-dicarboxylic acid"
1638,1-Methyladenosine
1639,1-Methyl-2-nitro-3-((tetrahydrofuran-3-yl)methyl)guanidine
1640,1-linoleoyl-sn-glycero-3-phosphoethanolamine
1641,1-Iodobutane
1642,1-Iodo-2-methylundecane
1643,"1-Hydroxy-1-[(6R)-4-hydroxy-2-imino-1,2,5,6,7,8-hexahydro-6-pteridinyl]-2-propanyl Œ≤-D-glucopyranoside"
1644,1-Hexadecanoylpyrrolidine
1645,1-Hexadecanoylpyrrolidine
1646,1-Ethylpiperidine
1647,1-Ethyl-2-pyrrolidinone
1648,1-Ethyl-2-pyrrolidinone
1649,1-Dodecyl-2-pyrrolidinone
1650,1-Chlorobenzotriazole
1651,1-Chlorobenzotriazole
1652,1-Chlorobenzotriazole
1653,1-Carboxyethylvaline
1654,1-aminobutylphosphonic acid
1655,"1-[3,4-Dihydroxy-5-(hydroxymethyl)oxolan-2-yl]-5-hydroxyimidazole-4-carboxamide"
1656,1-[(5-Amino-5-carboxypentyl)amino]-1-deoxyfructose
1657,"1-(4-Carboxyphenyl)-3,3-dimethyltriazene"
1658,1-(4-bromophenyl)-2-phenylethan-1-one
1659,"1-(3-Furyl)-1,4-pentanediol"
1660,"1-(3,4-dimethoxyphenyl)ethan-1-one oxime"
1661,"1-(2,4,6-Trimethylphenoxy)propan-2-amine"
1662,"1,7-Octadiene"
1663,"1,7-Octadiene"
1664,"1,7-Octadiene"
1665,"1,7-Octadiene"
1666,"1,7-Octadiene"
1667,"1,5-Naphthalenediamine"
1668,"1,5-Hexadiene"
1669,"1,5-Hexadiene"
1670,"1,5-Anhydrosorbitol"
1671,"1,4a-dimethyl-9-oxo-7-(propan-2-yl)-1,2,3,4,4a,9,10,10a-octahydrophenanthrene-1-carboxylic acid"
1672,"1,4-Pentadien-3-one"
1673,"1,4-Dioxin"
1674,"1,4-Dioxin"
1675,"1,4-Dioxin"
1676,"1,4-Diazabicyclo[2.2.2]octane"
1677,"1,3-Dimethyl-6-morpholino-1,2,3,4-tetrahydropyrimidine-2,4-dione"
1678,"1,3-Dimethyl-6-morpholino-1,2,3,4-tetrahydropyrimidine-2,4-dione"
1679,"1,3-Benzodioxole"
1680,"1,3,7-Trimethyluric acid"
1681,"1,3,7-Trimethyluric acid"
1682,"1,3,5-Hexatriene"
1683,"1,3,5-Hexatriene"
1684,"1,3,5-Hexatriene"
1685,"1,3,5-Heptatriene, (E,E)-"
1686,"1,3,5-Heptatriene, (E,E)-"
1687,"1,3,5-Heptatriene, (E,E)-"
1688,"1,3,5-Heptatriene, (E,E)-"
1689,"1,3,5-Heptatriene, (E,E)-"
1690,"1,3,4,5-Tetrahydroxycyclohexanecarboxylic acid"
1691,"1,2-O-Isopropylidene-D-glucofuranose"
1692,"1,2-Diethylbenzene"
1693,"1,2-Diethylbenzene"
1694,"1,2,4-Trimethylbenzene"
1695,"1,2,4-Trimethylbenzene"
1696,"1,2,4-Trimethylbenzene"
1697,"1,2,4-Trimethoxy-5-propenylbenzene"
1698,"1,2,4,5-Tetramethoxybenzene"
1699,"1,2,3-Trihydroxybenzene"
1700,"1,2,3-Trihydroxybenzene"
1701,"1,2,3-Trihydroxybenzene"
1702,"1,2,3-Trihydroxybenzene"
1703,"1,2,3-Trihydroxybenzene"
1704,"1,2,3-Trihydroxybenzene"
1705,"1,2,3,4-Tetrahydronaphthalene"
1706,"1,2,3,4,Tetrahydro-1,5,7-trimethylnapthalene"
1707,"1,1,1,2,2,3-Hexachlorohexane"
1708,"1,1,1,2,2,3-Hexachlorohexane"
1709,(‚àí)-Lupinine
1710,(¬±)11(12)-EET
1711,(¬±)11(12)-EET
1712,(¬±)-Furaneol
1713,"(S,E)-2-(5-Hydroxy-8,9-dihydro-5H-benzo[7]annulen-6(7H)-ylidene)acetic acid"
1714,"(S)-Methyl 2,5-diamino-5-oxopentanoate"
1715,(S)-Dimethyl 2-aminopentanedioate
1716,"(S)-3-(2-Methylphenoxy)propane-1,2-diol"
1717,"(S)-3-(2-Methylphenoxy)propane-1,2-diol"
1718,(S)-2-ureidoglycine
1719,"(S)-2,3,4,5-Tetrahydrodipicolinate"
1720,(S)-(+)-2-Amino-1-propanol
1721,(S)-(+)-2-Amino-1-propanol
1722,(S)-(+)-2-Amino-1-propanol
1723,(R)-Propyl 2-amino-3-mercaptopropanoate
1724,(R)-Propyl 2-amino-3-mercaptopropanoate
1725,"(R)-4A-(Ethoxymethyl)-1-(4-fluorophenyl)-6-((4-(trifluoromethyl)phenyl)sulfonyl)-4,4a,5,6,7,8-hexahydro-1H-pyrazolo[3,4-g]isoquinoline"
1726,"(R)-4A-(Ethoxymethyl)-1-(4-fluorophenyl)-6-((4-(trifluoromethyl)phenyl)sulfonyl)-4,4a,5,6,7,8-hexahydro-1H-pyrazolo[3,4-g]isoquinoline"
1727,(R)-1-Aminopropan-2-yl phosphate
1728,(E)-2-(3-(Naphthalen-2-yl)but-2-enamido)benzoic acid
1729,"(6E)-10-Heptyl-5,8,9-trihydroxy-3,4,5,8,9,10-hexahydro-2H-oxecin-2-one"
1730,(4R)-3-((2S)-3-Mercapto-2-methylpropanoyl)-4-thiazolidinecarboxylic acid
1731,"(4E,7E,10E,13E)-Hexadeca-4,7,10,13-tetraenoic acid"
1732,(4-Amino-2-methylpyrimidin-5-YL)methyl dihydrogen phosphate
1733,(4-Amino-2-methylpyrimidin-5-YL)methyl dihydrogen phosphate
1734,"(3R,4R)-3-Amino-1-hydroxy-4-methylpyrrolidin-2-one"
1735,"(3R,4R)-3-Amino-1-hydroxy-4-methylpyrrolidin-2-one"
1736,"(3E)-4,8-Dimethyl-1,3,7-nonatriene"
1737,"(2Z,4Z,6Z)-2,4,6-Nonatrienal"
1738,"(2S,3R,4R,6R,7S,8R,9R)-1,2,3,4,6,7,8,9-Octahydroxydecan-5-one"
1739,"(2S,3R,4R,6R,7S,8R,9R)-1,2,3,4,6,7,8,9-Octahydroxydecan-5-one"
1740,"(2S,3R)-2-Amino-4-octadecene-3-ol"
1741,"(2S)-4-Methyl-2-({[(3S,4S,5R)-2,3,4-trihydroxy-5-(hydroxymethyl)tetrahydro-2-furanyl]methyl}amino)pentanoic acid (non-preferred name)"
1742,"(2S)-4-Methyl-2-({[(3S,4S,5R)-2,3,4-trihydroxy-5-(hydroxymethyl)tetrahydro-2-furanyl]methyl}amino)pentanoic acid (non-preferred name)"
1743,"(2S)-4-Methyl-2-({[(3S,4S,5R)-2,3,4-trihydroxy-5-(hydroxymethyl)tetrahydro-2-furanyl]methyl}amino)pentanoic acid (non-preferred name)"
1744,"(2S)-4-(Methylsulfanyl)-2-({[(3S,4S,5R)-2,3,4-trihydroxy-5-(hydroxymethyl)tetrahydro-2-furanyl]methyl}amino)butanoic acid"
1745,"(2S)-4-(Methylsulfanyl)-2-({[(3S,4S,5R)-2,3,4-trihydroxy-5-(hydroxymethyl)tetrahydro-2-furanyl]methyl}amino)butanoic acid"
1746,"(2S)-3-Phenyl-2-({[(3S,4S,5R)-2,3,4-trihydroxy-5-(hydroxymethyl)tetrahydro-2-furanyl]methyl}amino)propanoic acid (non-preferred name)"
1747,"(2S)-3-Phenyl-2-({[(3S,4S,5R)-2,3,4-trihydroxy-5-(hydroxymethyl)tetrahydro-2-furanyl]methyl}amino)propanoic acid (non-preferred name)"
1748,"(2S)-3-Phenyl-2-({[(3S,4S,5R)-2,3,4-trihydroxy-5-(hydroxymethyl)tetrahydro-2-furanyl]methyl}amino)propanoic acid (non-preferred name)"
1749,(2S)-3-Hydroxy-1-[(2S)-pyrrolidine-2-carbonyl]pyrrolidine-2-carboxylic acid
1750,(2S)-3-Hydroxy-1-[(2S)-pyrrolidine-2-carbonyl]pyrrolidine-2-carboxylic acid
1751,"(2S)-3-(1H-Imidazol-4-yl)-2-({[(3S,4S,5R)-2,3,4-trihydroxy-5-(hydroxymethyl)tetrahydro-2-furanyl]methyl}amino)propanoic acid (non-preferred name)"
1752,(2S)-2-Amino-3-[(2-chloroacetyl)amino]propanoic acid
1753,(2S)-2-[(2-Carboxy-2-oxoethyl)amino]pentanedioic acid
1754,"(2R,4R)-4-Aminopyrrolidine-2,4-dicarboxylic acid"
1755,"(2R,4R)-4-Aminopyrrolidine-2,4-dicarboxylic acid"
1756,"(2R,3R,4R,5S)-2-(Hydroxymethyl)-1-nonylpiperidine-3,4,5-triol"
1757,"(2R,3R,4R)-Hexane-1,2,3,4,6-pentol"
1758,"(2R*,3R*)-1,2,3-Butanetriol"
1759,"(2R*,3R*)-1,2,3-Butanetriol"
1760,"(2R)-7-Methoxy-3-oxo-3,4-dihydro-2H-1,4-benzoxazin-2-yl Œ≤-D-glucopyranoside"
1761,"(2R)-2,3-Dihydroxypropanoic acid"
1762,"(2R)-1-{[(2-Aminoethoxy)(hydroxy)phosphoryl]oxy}-3-hydroxy-2-propanyl (5Z,8Z,11Z,14Z,17Z)-5,8,11,14,17-icosapentaenoate"
1763,"(2E,4E)-N-(2-methylpropyl)dodeca-2,4-dienamide"
1764,"(2E,4E)-N-(2-methylpropyl)dodeca-2,4-dienamide"
1765,"(2E)-3-(2-{[(2S,3R,4S,5S,6R)-3,4,5-trihydroxy-6-(hydroxymethyl)oxan-2-yl]oxy}phenyl)prop-2-enoic acid"
1766,(2E)-2-Heptenal
1767,(2-Ethylcrotonoyl)urea
1768,(2-Ethylcrotonoyl)urea
1769,"(1S,2S)-(+)-1,2-Diaminocyclohexane"
1770,"(1S,2S)-(+)-1,2-Diaminocyclohexane"
1771,"(1R,8S,9S)-3,4-dihydroxy-8-methoxy-11,11-dimethyl-5-(propan-2-yl)-16-oxatetracyclo[7.5.2.0√Ça,√Ça√¢¬Å¬∞.0√Ç?,√¢¬Å¬∑]hexadeca-2(7),3,5-trien-15-one"
1772,(12R)-12-Hydroxyoctadec-9-enoic acid
1773,(12R)-12-Hydroxyoctadec-9-enoic acid
1774,(+)-Limonene
1775,(+)-castanospermine
1776,NA
1777,NA
1778,NA
1779,NA
1780,NA
1781,NA
1782,NA
1783,NA
1784,NA
1785,NA
1786,NA
1787,NA
1788,NA
1789,NA
1790,NA
1791,NA
1792,NA
1793,NA
1794,NA
1795,NA
1796,NA
1797,NA
1798,NA
1799,NA
1800,NA
1801,NA
1802,NA
1803,NA
1804,NA
1805,NA
1806,NA
1807,NA
1808,NA
1809,NA
1810,NA
1811,NA
1812,NA
1813,NA
1814,NA
1815,NA
1816,NA
1817,NA
1818,NA
1819,NA
1820,NA
1821,NA
1822,NA
1823,NA
1824,NA
1825,NA
1826,NA
1827,NA
1828,NA
1829,NA
1830,NA
1831,NA
1832,NA
1833,NA
1834,NA
1835,NA
1836,NA
1837,NA
1838,NA
1839,NA
1840,NA
1841,NA
1842,NA
1843,NA
1844,NA
1845,NA
1846,NA
1847,NA
1848,NA
1849,NA
1850,NA
1851,NA
1852,NA
1853,NA
1854,NA
1855,NA
1856,NA
1857,NA
1858,NA
1859,NA
1860,NA
1861,NA
1862,NA
1863,NA
1864,NA
1865,NA
1866,NA
1867,NA
1868,NA
1869,NA
1870,NA
1871,NA
1872,NA
1873,NA
1874,NA
1875,NA
1876,NA
1877,NA
1878,NA
1879,NA
1880,NA
1881,NA
1882,NA
1883,NA
1884,NA
1885,NA
1886,NA
1887,NA
1888,NA
1889,NA
1890,NA
1891,NA
1892,NA
1893,NA
1894,NA
1895,NA
1896,NA
1897,NA
1898,NA
1899,NA
1900,NA
1901,NA
1902,NA
1903,NA
1904,NA
1905,NA
1906,NA
1907,NA
1908,NA
1909,NA
1910,NA
1911,NA
1912,NA
1913,NA
1914,NA
1915,NA
1916,NA
1917,NA
1918,NA
1919,NA
1920,NA
1921,NA
1922,NA
1923,NA
1924,NA
1925,NA
1926,NA
1927,NA
1928,NA
1929,NA
1930,NA
1931,NA
1932,NA
1933,NA
1934,NA
1935,NA
1936,NA
1937,NA
1938,NA
1939,NA
1940,NA
1941,NA
1942,NA
1943,NA
1944,NA
1945,NA
1946,NA
1947,NA
1948,NA
1949,NA
1950,NA
1951,NA
1952,NA
1953,NA
1954,NA
1955,NA
1956,NA
1957,NA
1958,NA
1959,NA
1960,NA
1961,NA
1962,NA
1963,NA
1964,NA
1965,NA
1966,NA
1967,NA
1968,NA
1969,NA
1970,NA
1971,NA
1972,NA
1973,NA
1974,NA
1975,NA
1976,NA
1977,NA
1978,NA
1979,NA
1980,NA
1981,NA
1982,NA
1983,NA
1984,NA
1985,NA
1986,NA
1987,NA
1988,NA
1989,NA
1990,NA
1991,NA
1992,NA
1993,NA
1994,NA
1995,NA
1996,NA
1997,NA
1998,NA
1999,NA
2000,NA
2001,NA
2002,NA
2003,NA
2004,NA
2005,NA
2006,NA
2007,NA
2008,NA
2009,NA
2010,NA
2011,NA
2012,NA
2013,NA
2014,NA
2015,NA
2016,NA
2017,NA
2018,NA
2019,NA
2020,NA
2021,NA
2022,NA
2023,NA
2024,NA
2025,NA
2026,NA
2027,NA
2028,NA
2029,NA
2030,NA
2031,NA
2032,NA
2033,NA
2034,NA
2035,NA
2036,NA
2037,NA
2038,NA
2039,NA
2040,NA
2041,NA
2042,NA
2043,NA
2044,NA
2045,NA
2046,NA
2047,NA
2048,NA
2049,NA
2050,NA
2051,NA
2052,NA
2053,NA
2054,NA
2055,NA
2056,NA
2057,NA
2058,NA
2059,NA
2060,NA
2061,NA
2062,NA
2063,NA
2064,NA
2065,NA
2066,NA
2067,NA
2068,NA
2069,NA
2070,NA
2071,NA
2072,NA
2073,NA
2074,NA
2075,NA
2076,NA
2077,NA
2078,NA
2079,NA
2080,NA
2081,NA
2082,NA
2083,NA
2084,NA
2085,NA
2086,NA
2087,NA
2088,NA
2089,NA
2090,NA
2091,NA
2092,NA
2093,NA
2094,NA
2095,NA
2096,NA
2097,NA
2098,NA
2099,NA
2100,NA
2101,NA
2102,NA
2103,NA
2104,NA
2105,NA
2106,NA
2107,NA
2108,NA
2109,NA
2110,NA
2111,NA
2112,NA
2113,NA
2114,NA
2115,NA
2116,NA
2117,NA
2118,NA
2119,NA
2120,NA
2121,NA
2122,NA
2123,NA
2124,NA
2125,NA
2126,NA
2127,NA
2128,NA
2129,NA
2130,NA
2131,NA
2132,NA
2133,NA
2134,NA
2135,NA
2136,NA
2137,NA
2138,NA
2139,NA
2140,NA
2141,NA
2142,NA
2143,NA
2144,NA
2145,NA
2146,NA
2147,NA
2148,NA
2149,NA
2150,NA
2151,NA
2152,NA
2153,NA
2154,NA
2155,NA
2156,NA
2157,NA
2158,NA
2159,NA
2160,NA
2161,NA
2162,NA
2163,NA
2164,NA
2165,NA
2166,NA
2167,NA
2168,NA
2169,NA
2170,NA
2171,NA
2172,NA
2173,NA
2174,NA
2175,NA
2176,NA
2177,NA
2178,NA
2179,NA
2180,NA
2181,NA
2182,NA
2183,NA
2184,NA
2185,NA
2186,NA
2187,NA
2188,NA
2189,NA
2190,NA
2191,NA
2192,NA
2193,NA
2194,NA
2195,NA
2196,NA
2197,NA
2198,NA
2199,NA
2200,NA
2201,NA
2202,NA
2203,NA
2204,NA
2205,NA
2206,NA
2207,NA
2208,NA
2209,NA
2210,NA
2211,NA
2212,NA
2213,NA
2214,NA
2215,NA
2216,NA
2217,NA
2218,NA
2219,NA
2220,NA
2221,NA
2222,NA
2223,NA
2224,NA
2225,NA
2226,NA
2227,NA
2228,NA
2229,NA
2230,NA
2231,NA
2232,NA
2233,NA
2234,NA
2235,NA
2236,NA
2237,NA
2238,NA
2239,NA
2240,NA
2241,NA
2242,NA
2243,NA
2244,NA
2245,NA
2246,NA
2247,NA
2248,NA
2249,NA
2250,NA
2251,NA
2252,NA
2253,NA
2254,NA
2255,NA
2256,NA
2257,NA
2258,NA
2259,NA
2260,NA
2261,NA
2262,NA
2263,NA
2264,NA
2265,NA
2266,NA
2267,NA
2268,NA
2269,NA
2270,NA
2271,NA
2272,NA
2273,NA
2274,NA
2275,NA
2276,NA
2277,NA
2278,NA
2279,NA
2280,NA
2281,NA
2282,NA
2283,NA
2284,NA
2285,NA
2286,NA
2287,NA
2288,NA
2289,NA
2290,NA
2291,NA
2292,NA
2293,NA
2294,NA
2295,NA
2296,NA
2297,NA
2298,NA
2299,NA
2300,NA
2301,NA
2302,NA
2303,NA
2304,NA
2305,NA
2306,NA
2307,NA
2308,NA
2309,NA
2310,NA
2311,NA
2312,NA
2313,NA
2314,NA
2315,NA
2316,NA
2317,NA
2318,NA
2319,NA
2320,NA
2321,NA
2322,NA
2323,NA
2324,NA
2325,NA
2326,NA
2327,NA
2328,NA
2329,NA
2330,NA
2331,NA
2332,NA
2333,NA
2334,NA
2335,NA
2336,NA
2337,NA
2338,NA
2339,NA
2340,NA
2341,NA
2342,NA
2343,NA
2344,NA
2345,NA
2346,NA
2347,NA
2348,NA
2349,NA
2350,NA
2351,NA
2352,NA
2353,NA
2354,NA
2355,NA
2356,NA
2357,NA
2358,NA
2359,NA
2360,NA
2361,NA
2362,NA
2363,NA
2364,NA
2365,NA
2366,NA
2367,NA
2368,NA
2369,NA
2370,NA
2371,NA
2372,NA
2373,NA
2374,NA
2375,NA
2376,NA
2377,NA
2378,NA
2379,NA
2380,NA
2381,NA
2382,NA
2383,NA
2384,NA
2385,NA
2386,NA
2387,NA
2388,NA
2389,NA
2390,NA
2391,NA
2392,NA
2393,NA
2394,NA
2395,NA
2396,NA
2397,NA
2398,NA
2399,NA
2400,NA
2401,NA
2402,NA
2403,NA
2404,NA
2405,NA
2406,NA
2407,NA
2408,NA
2409,NA
2410,NA
2411,NA
2412,NA
2413,NA
2414,NA
2415,NA
2416,NA
2417,NA
2418,NA
2419,NA
2420,NA
2421,NA
2422,NA
2423,NA
2424,NA
2425,NA
2426,NA
2427,NA
2428,NA
2429,NA
2430,NA
2431,NA
2432,NA
2433,NA
2434,NA
2435,NA
2436,NA
2437,NA
2438,NA
2439,NA
2440,NA
2441,NA
2442,NA
2443,NA
2444,NA
2445,NA
2446,NA
2447,NA
2448,NA
2449,NA
2450,NA
2451,NA
2452,NA
2453,NA
2454,NA
2455,NA
2456,NA
2457,NA
2458,NA
2459,NA
2460,NA
2461,NA
2462,NA
2463,NA
2464,NA
2465,NA
2466,NA
2467,NA
2468,NA
2469,NA
2470,NA
2471,NA
2472,NA
2473,NA
2474,NA
2475,NA
2476,NA
2477,NA
2478,NA
2479,NA
2480,NA
2481,NA
2482,NA
2483,NA
2484,NA
2485,NA
2486,NA
2487,NA
2488,NA
2489,NA
2490,NA
2491,NA
2492,NA
2493,NA
2494,NA
2495,NA
2496,NA
2497,NA
2498,NA
2499,NA
2500,NA
2501,NA
2502,NA
2503,NA
2504,NA
2505,NA
2506,NA
2507,NA
2508,NA
2509,NA
2510,NA
2511,NA
2512,NA
2513,NA
2514,NA
2515,NA
2516,NA
2517,NA
2518,NA
2519,NA
2520,NA
2521,NA
2522,NA
2523,NA
2524,NA
2525,NA
2526,NA
2527,NA
2528,NA
2529,NA
2530,NA
2531,NA
2532,NA
2533,NA
2534,NA
2535,NA
2536,NA
2537,NA
2538,NA
2539,NA
2540,NA
2541,NA
2542,NA
2543,NA
2544,NA
2545,NA
2546,NA
2547,NA
2548,NA
2549,NA
2550,NA
2551,NA
2552,NA
2553,NA
2554,NA
2555,NA
2556,NA
2557,NA
2558,NA
2559,NA
2560,NA
2561,NA
2562,NA
2563,NA
2564,NA
2565,NA
2566,NA
2567,NA
2568,NA
2569,NA
2570,NA
2571,NA
2572,NA
2573,NA
2574,NA
2575,NA
2576,NA
2577,NA
2578,NA
2579,NA
2580,NA
2581,NA
2582,NA
2583,NA
2584,NA
2585,NA
2586,NA
2587,NA
2588,NA
2589,NA
2590,NA
2591,NA
2592,NA
2593,NA
2594,NA
2595,NA
2596,NA
2597,NA
2598,NA
2599,NA
2600,NA
2601,NA
2602,NA
2603,NA
2604,NA
2605,NA
2606,NA
2607,NA
2608,NA
2609,NA
2610,NA
2611,NA
2612,NA
2613,NA
2614,NA
2615,NA
2616,NA
2617,NA
2618,NA
2619,NA
2620,NA
2621,NA
2622,NA
2623,NA
2624,NA
2625,NA
2626,NA
2627,NA
2628,NA
2629,NA
2630,NA
2631,NA
2632,NA
2633,NA
2634,NA
2635,NA
2636,NA
2637,NA
2638,NA
2639,NA
2640,NA
2641,NA
2642,NA
2643,NA
2644,NA
2645,NA
2646,NA
2647,NA
2648,NA
2649,NA
2650,NA
2651,NA
2652,NA
2653,NA
2654,NA
2655,NA
2656,NA
2657,NA
2658,NA
2659,NA
2660,NA
2661,NA
2662,NA
2663,NA
2664,NA
2665,NA
2666,NA
2667,NA
2668,NA
2669,NA
2670,NA
2671,NA
2672,NA
2673,NA
2674,NA
2675,NA
2676,NA
2677,NA
2678,NA
2679,NA
2680,NA
2681,NA
2682,NA
2683,NA
2684,NA
2685,NA
2686,NA
2687,NA
2688,NA
2689,NA
2690,NA
2691,NA
2692,NA
2693,NA
2694,NA
2695,NA
2696,NA
2697,NA
2698,NA
2699,NA
2700,NA
2701,NA
2702,NA
2703,NA
2704,NA
2705,NA
2706,NA
2707,NA
2708,NA
2709,NA
2710,NA
2711,NA
2712,NA
2713,NA
2714,NA
2715,NA
2716,NA
2717,NA
2718,NA
2719,NA
2720,NA
2721,NA
2722,NA
2723,NA
2724,NA
2725,NA
2726,NA
2727,NA
2728,NA
2729,NA
2730,NA
2731,NA
2732,NA
2733,NA
2734,NA
2735,NA
2736,NA
2737,NA
2738,NA
2739,NA
2740,NA
2741,NA
2742,NA
2743,NA
2744,NA
2745,NA
2746,NA
2747,NA
2748,NA
2749,NA
2750,NA
2751,NA
2752,NA
2753,NA
2754,NA
2755,NA
2756,NA
2757,NA
2758,NA
2759,NA
2760,NA
2761,NA
2762,NA
2763,NA
2764,NA
2765,NA
2766,NA
2767,NA
2768,NA
2769,NA
2770,NA
2771,NA
2772,NA
2773,NA
2774,NA
2775,NA
2776,NA
2777,NA
2778,NA
2779,NA
2780,NA
2781,NA
2782,NA
2783,NA
2784,NA
2785,NA
2786,NA
2787,NA
2788,NA
2789,NA
2790,NA
2791,NA
2792,NA
2793,NA
2794,NA
2795,NA
2796,NA
2797,NA
2798,NA
2799,NA
2800,NA
2801,NA
2802,NA
2803,NA
2804,NA
2805,NA
2806,NA
2807,NA
2808,NA
2809,NA
2810,NA
2811,NA
2812,NA
2813,NA
2814,NA
2815,NA
2816,NA
2817,NA
2818,NA
2819,NA
2820,NA
2821,NA
2822,NA
2823,NA
2824,NA
2825,NA
2826,NA
2827,NA
2828,NA
2829,NA
2830,NA
2831,NA
2832,NA
2833,NA
2834,NA
2835,NA
2836,NA
2837,NA
2838,NA
2839,NA
2840,NA
2841,NA
2842,NA
2843,NA
2844,NA
2845,NA
2846,NA
2847,NA
2848,NA
2849,NA
2850,NA
2851,NA
2852,NA
2853,NA
2854,NA
2855,NA
2856,NA
2857,NA
2858,NA
2859,NA
2860,NA
2861,NA
2862,NA
2863,NA
2864,NA
2865,NA
2866,NA
2867,NA
2868,NA
2869,NA
2870,NA
2871,NA
2872,NA
2873,NA
2874,NA
2875,NA
2876,NA
2877,NA
2878,NA
2879,NA
2880,NA
2881,NA
2882,NA
2883,NA
2884,NA
2885,NA
2886,NA
2887,NA
2888,NA
2889,NA
2890,NA
2891,NA
2892,NA
2893,NA
2894,NA
2895,NA
2896,NA
2897,NA
2898,NA
2899,NA
2900,NA
2901,NA
2902,NA
2903,NA
2904,NA
2905,NA
2906,NA
2907,NA
2908,NA
2909,NA
2910,NA
2911,NA
2912,NA
2913,NA
2914,NA
2915,NA
2916,NA
2917,NA
2918,NA
2919,NA
2920,NA
2921,NA
2922,NA
2923,NA
2924,NA
2925,NA
2926,NA
2927,NA
2928,NA
2929,NA
2930,NA
2931,NA
2932,NA
2933,NA
2934,NA
2935,NA
2936,NA
2937,NA
2938,NA
2939,NA
2940,NA
2941,NA
2942,NA
2943,NA
2944,NA
2945,NA
2946,NA
2947,NA
2948,NA
2949,NA
2950,NA
2951,NA
2952,NA
2953,NA
2954,NA
2955,NA
2956,NA
2957,NA
2958,NA
2959,NA
2960,NA
2961,NA
2962,NA
2963,NA
2964,NA
2965,NA
2966,NA
2967,NA
2968,NA
2969,NA
2970,NA
2971,NA
2972,NA
2973,NA
2974,NA
2975,NA
2976,NA
2977,NA
2978,NA
2979,NA
2980,NA
2981,NA
2982,NA
2983,NA
2984,NA
2985,NA
2986,NA
2987,NA
2988,NA
2989,NA
2990,NA
2991,NA
2992,NA
2993,NA
2994,NA
2995,NA
2996,NA
2997,NA
2998,NA
2999,NA
3000,NA
3001,NA
3002,NA
3003,NA
3004,NA
3005,NA
3006,NA
3007,NA
3008,NA
3009,NA
3010,NA
3011,NA
3012,NA
3013,NA
3014,NA
3015,NA
3016,NA
3017,NA
3018,NA
3019,NA
3020,NA
3021,NA
3022,NA
3023,NA
3024,NA
3025,NA
3026,NA
3027,NA
3028,NA
3029,NA
3030,NA
3031,NA
3032,NA
3033,NA
3034,NA
3035,NA
3036,NA
3037,NA
3038,NA
3039,NA
3040,NA
3041,NA
3042,NA
3043,NA
3044,NA
3045,NA
3046,NA
3047,NA
3048,NA
3049,NA
3050,NA
3051,NA
3052,NA
3053,NA
3054,NA
3055,NA
3056,NA
3057,NA
3058,NA
3059,NA
3060,NA
3061,NA
3062,NA
3063,NA
3064,NA
3065,NA
3066,NA
3067,NA
3068,NA
3069,NA
3070,NA
3071,NA
3072,NA
3073,NA
3074,NA
3075,NA
3076,NA
3077,NA
3078,NA
3079,NA
3080,NA
3081,NA
3082,NA
3083,NA
3084,NA
3085,NA
3086,NA
3087,NA
3088,NA
3089,NA
3090,NA
3091,NA
3092,NA
3093,NA
3094,NA
3095,NA
3096,NA
3097,NA
3098,NA
3099,NA
3100,NA
3101,NA
3102,NA
3103,NA
3104,NA
3105,NA
3106,NA
3107,NA
3108,NA
3109,NA
3110,NA
3111,NA
3112,NA
3113,NA
3114,NA
3115,NA
3116,NA
3117,NA
3118,NA
3119,NA
3120,NA
3121,NA
3122,NA
3123,NA
3124,NA
3125,NA
3126,NA
3127,NA
3128,NA
3129,NA
3130,NA
3131,NA
3132,NA
3133,NA
3134,NA
3135,NA
3136,NA
3137,NA
3138,NA
3139,NA
3140,NA
3141,NA
3142,NA
3143,NA
3144,NA
3145,NA
3146,NA
3147,NA
3148,NA
3149,NA
3150,NA
3151,NA
3152,NA
3153,NA
3154,NA
3155,NA
3156,NA
3157,NA
3158,NA
3159,NA
3160,NA
3161,NA
3162,NA
3163,NA
3164,NA
3165,NA
3166,NA
3167,NA
3168,NA
3169,NA
3170,NA
3171,NA
3172,NA
3173,NA
3174,NA
3175,NA
3176,NA
3177,NA
3178,NA
3179,NA
3180,NA
3181,NA
3182,NA
3183,NA
3184,NA
3185,NA
3186,NA
3187,NA
3188,NA
3189,NA
3190,NA
3191,NA
3192,NA
3193,NA
3194,NA
3195,NA
3196,NA
3197,NA
3198,NA
3199,NA
3200,NA
3201,NA
3202,NA
3203,NA
3204,NA
3205,NA
3206,NA
3207,NA
3208,NA
3209,NA
3210,NA
3211,NA
3212,NA
3213,NA
3214,NA
3215,NA
3216,NA
3217,NA
3218,NA
3219,NA
3220,NA
3221,NA
3222,NA
3223,NA
3224,NA
3225,NA
3226,NA
3227,NA
3228,NA
3229,NA
3230,NA
3231,NA
3232,NA
3233,NA
3234,NA
3235,NA
3236,NA
3237,NA
3238,NA
3239,NA
3240,NA
3241,NA
3242,NA
3243,NA
3244,NA
3245,NA
3246,NA
3247,NA
3248,NA
3249,NA
3250,NA
3251,NA
3252,NA
3253,NA
3254,NA
3255,NA
3256,NA
3257,NA
3258,NA
3259,NA
3260,NA
3261,NA
3262,NA
3263,NA
3264,NA
3265,NA
3266,NA
3267,NA
3268,NA
3269,NA
3270,NA
3271,NA
3272,NA
3273,NA
3274,NA
3275,NA
3276,NA
3277,NA
3278,NA
3279,NA
3280,NA
3281,NA
3282,NA
3283,NA
3284,NA
3285,NA
3286,NA
3287,NA
3288,NA
3289,NA
3290,NA
3291,NA
3292,NA
3293,NA
3294,NA
3295,NA
3296,NA
3297,NA
3298,NA
3299,NA
3300,NA
3301,NA
3302,NA
3303,NA
3304,NA
3305,NA
3306,NA
3307,NA
3308,NA
3309,NA
3310,NA
3311,NA
3312,NA
3313,NA
3314,NA
3315,NA
3316,NA
3317,NA
3318,NA
3319,NA
3320,NA
3321,NA
3322,NA
3323,NA
3324,NA
3325,NA
3326,NA
3327,NA
3328,NA
3329,NA
3330,NA
3331,NA
3332,NA
3333,NA
3334,NA
3335,NA
3336,NA
3337,NA
3338,NA
3339,NA
3340,NA
3341,NA
3342,NA
3343,NA
3344,NA
3345,NA
3346,NA
3347,NA
3348,NA
3349,NA
3350,NA
3351,NA
3352,NA
3353,NA
3354,NA
3355,NA
3356,NA
3357,NA
3358,NA
3359,NA
3360,NA
3361,NA
3362,NA
3363,NA
3364,NA
3365,NA
3366,NA
3367,NA
3368,NA
3369,NA
3370,NA
3371,NA
3372,NA
3373,NA
3374,NA
3375,NA
3376,NA
3377,NA
3378,NA
3379,NA
3380,NA
3381,NA
3382,NA
3383,NA
3384,NA
3385,NA
3386,NA
3387,NA
3388,NA
3389,NA
3390,NA
3391,NA
3392,NA
3393,NA
3394,NA
3395,NA
3396,NA
3397,NA
3398,NA
3399,NA
3400,NA
3401,NA
3402,NA
3403,NA
3404,NA
3405,NA
3406,NA
3407,NA
3408,NA
3409,NA
3410,NA
3411,NA
3412,NA
3413,NA
3414,NA
3415,NA
3416,NA
3417,NA
3418,NA
3419,NA
3420,NA
3421,NA
3422,NA
3423,NA
3424,NA
3425,NA
3426,NA
3427,NA
3428,NA
3429,NA
3430,NA
3431,NA
3432,NA
3433,NA
3434,NA
3435,NA
3436,NA
3437,NA
3438,NA
3439,NA
3440,NA
3441,NA
3442,NA
3443,NA
3444,NA
3445,NA
3446,NA
3447,NA
3448,NA
3449,NA
3450,NA
3451,NA
3452,NA
3453,NA
3454,NA
3455,NA
3456,NA
3457,NA
3458,NA
3459,NA
3460,NA
3461,NA
3462,NA
3463,NA
3464,NA
3465,NA
3466,NA
3467,NA
3468,NA
3469,NA
3470,NA
3471,NA
3472,NA
3473,NA
3474,NA
3475,NA
3476,NA
3477,NA
3478,NA
3479,NA
3480,NA
3481,NA
3482,NA
3483,NA
3484,NA
3485,NA
3486,NA
3487,NA
3488,NA
3489,NA
3490,NA
3491,NA
3492,NA
3493,NA
3494,NA
3495,NA
3496,NA
3497,NA
3498,NA
3499,NA
3500,NA
3501,NA
3502,NA
3503,NA
3504,NA
3505,NA
3506,NA
3507,NA
3508,NA
3509,NA
3510,NA
3511,NA
3512,NA
3513,NA
3514,NA
3515,NA
3516,NA
3517,NA
3518,NA
3519,NA
3520,NA
3521,NA
3522,NA
3523,NA
3524,NA
3525,NA
3526,NA
3527,NA
3528,NA
3529,NA
3530,NA
3531,NA
3532,NA
3533,NA
3534,NA
3535,NA
3536,NA
3537,NA
3538,NA
3539,NA
3540,NA
3541,NA
3542,NA
3543,NA
3544,NA
3545,NA
3546,NA
3547,NA
3548,NA
3549,NA
3550,NA
3551,NA
3552,NA
3553,NA
3554,NA
3555,NA
3556,NA
3557,NA
3558,NA
3559,NA
3560,NA
3561,NA
3562,NA
3563,NA
3564,NA
3565,NA
3566,NA
3567,NA
3568,NA
3569,NA
3570,NA
3571,NA
3572,NA
3573,NA
3574,NA
3575,NA
3576,NA
3577,NA
3578,NA
3579,NA
3580,NA
3581,NA
3582,NA
3583,NA
3584,NA
3585,NA
3586,NA
3587,NA
3588,NA
3589,NA
3590,NA
3591,NA
3592,NA
3593,NA
3594,NA
3595,NA
3596,NA
3597,NA
3598,NA
3599,NA
3600,NA
3601,NA
3602,NA
3603,NA
3604,NA
3605,NA
3606,NA
3607,NA
3608,NA
3609,NA
3610,NA
3611,NA
3612,NA
3613,NA
3614,NA
3615,NA
3616,NA
3617,NA
3618,NA
3619,NA
3620,NA
3621,NA
3622,NA
3623,NA
3624,NA
3625,NA
3626,NA
3627,NA
3628,NA
3629,NA
3630,NA
3631,NA
3632,NA
3633,NA
3634,NA
3635,NA
3636,NA
3637,NA
3638,NA
3639,NA
3640,NA
3641,NA
3642,NA
3643,NA
3644,NA
3645,NA
3646,NA
3647,NA
3648,NA
3649,NA
3650,NA
3651,NA
3652,NA
3653,NA
3654,NA
3655,NA
3656,NA
3657,NA
3658,NA
3659,NA
3660,NA
3661,NA
3662,NA
3663,NA
3664,NA
3665,NA
3666,NA
3667,NA
3668,NA
3669,NA
3670,NA
3671,NA
3672,NA
3673,NA
3674,NA
3675,NA
3676,NA
3677,NA
3678,NA
3679,NA
3680,NA
3681,NA
3682,NA
3683,NA
3684,NA
3685,NA
3686,NA
3687,NA
3688,NA
3689,NA
3690,NA
3691,NA
3692,NA
3693,NA
3694,NA
3695,NA
3696,NA
3697,NA
3698,NA
3699,NA
3700,NA
3701,NA
3702,NA
3703,NA
3704,NA
3705,NA
3706,NA
3707,NA
3708,NA
3709,NA
3710,NA
3711,NA
3712,NA
3713,NA
3714,NA
3715,NA
3716,NA
3717,NA
3718,NA
3719,NA
3720,NA
3721,NA
3722,NA
3723,NA
3724,NA
3725,NA
3726,NA
3727,NA
3728,NA
3729,NA
3730,NA
3731,NA
3732,NA
3733,NA
3734,NA
3735,NA
3736,NA
3737,NA
3738,NA
3739,NA
3740,NA
3741,NA
3742,NA
3743,NA
3744,NA
3745,NA
3746,NA
3747,NA
3748,NA
3749,NA
3750,NA
3751,NA
3752,NA
3753,NA
3754,NA
3755,NA
3756,NA
3757,NA
3758,NA
3759,NA
3760,NA
3761,NA
3762,NA
3763,NA
3764,NA
3765,NA
3766,NA
3767,NA
3768,NA
3769,NA
3770,NA
3771,NA
3772,NA
3773,NA
3774,NA
3775,NA
3776,NA
3777,NA
3778,NA
3779,NA
3780,NA
3781,NA
3782,NA
3783,NA
3784,NA
3785,NA
3786,NA
3787,NA
3788,NA
3789,NA
3790,NA
3791,NA
3792,NA
3793,NA
3794,NA
3795,NA
3796,NA
3797,NA
3798,NA
3799,NA
3800,NA
3801,NA
3802,NA
3803,NA
3804,NA
3805,NA
3806,NA
3807,NA
3808,NA
3809,NA
3810,NA
3811,NA
3812,NA
3813,NA
3814,NA
3815,NA
3816,NA
3817,NA
3818,NA
3819,NA
3820,NA
3821,NA
3822,NA
3823,NA
3824,NA
3825,NA
3826,NA
3827,NA
3828,NA
3829,NA
3830,NA
3831,NA
3832,NA
3833,NA
3834,NA
3835,NA
3836,NA
3837,NA
3838,NA
3839,NA
3840,NA
3841,NA
3842,NA
3843,NA
3844,NA
3845,NA
3846,NA
3847,NA
3848,NA
3849,NA
3850,NA
3851,NA
3852,NA
3853,NA
3854,NA
3855,NA
3856,NA
3857,NA
3858,NA
3859,NA
3860,NA
3861,NA
3862,NA
3863,NA
3864,NA
3865,NA
3866,NA
3867,NA
3868,NA
3869,NA
3870,NA
3871,NA
3872,NA
3873,NA
3874,NA
3875,NA
3876,NA
3877,NA
3878,NA
3879,NA
3880,NA
3881,NA
3882,NA
3883,NA
3884,NA
3885,NA
3886,NA
3887,NA
3888,NA
3889,NA
3890,NA
3891,NA
3892,NA
3893,NA
3894,NA
3895,NA
3896,NA
3897,NA
3898,NA
3899,NA
3900,NA
3901,NA
3902,NA
3903,NA
3904,NA
3905,NA
3906,NA
3907,NA
3908,NA
3909,NA
3910,NA
3911,NA
3912,NA
3913,NA
3914,NA
3915,NA
3916,NA
3917,NA
3918,NA
3919,NA
3920,NA
3921,NA
3922,NA
3923,NA
3924,NA
3925,NA
3926,NA
3927,NA
3928,NA
3929,NA
3930,NA
3931,NA
3932,NA
3933,NA
3934,NA
3935,NA
3936,NA
3937,NA
3938,NA
3939,NA
3940,NA
3941,NA
3942,NA
3943,NA
3944,NA
3945,NA
3946,NA
3947,NA
3948,NA
3949,NA
3950,NA
3951,NA
3952,NA
3953,NA
3954,NA
3955,NA
3956,NA
3957,NA
3958,NA
3959,NA
3960,NA
3961,NA
3962,NA
3963,NA
3964,NA
3965,NA
3966,NA
3967,NA
3968,NA
3969,NA
3970,NA
3971,NA
3972,NA
3973,NA
3974,NA
3975,NA
3976,NA
3977,NA
3978,NA
3979,NA
3980,NA
3981,NA
3982,NA
3983,NA
3984,NA
3985,NA
3986,NA
3987,NA
3988,NA
3989,NA
3990,NA
3991,NA
3992,NA
3993,NA
3994,NA
3995,NA
3996,NA
3997,NA
3998,NA
3999,NA
4000,NA
4001,NA
4002,NA
4003,NA
4004,NA
4005,NA
4006,NA
4007,NA
4008,NA
4009,NA
4010,NA
4011,NA
4012,NA
4013,NA
4014,NA
4015,NA
4016,NA
4017,NA
4018,NA
4019,NA
4020,NA
4021,NA
4022,NA
4023,NA
4024,NA
4025,NA
4026,NA
4027,NA
4028,NA
4029,NA
4030,NA
4031,NA
4032,NA
4033,NA
4034,NA
4035,NA
4036,NA
4037,NA
4038,NA
4039,NA
4040,NA
4041,NA
4042,NA
4043,NA
4044,NA
4045,NA
4046,NA
4047,NA
4048,NA
4049,NA
4050,NA
4051,NA
4052,NA
4053,NA
4054,NA
4055,NA
4056,NA
4057,NA
4058,NA
4059,NA
4060,NA
4061,NA
4062,NA
4063,NA
4064,NA
4065,NA
4066,NA
4067,NA
4068,NA
4069,NA
4070,NA
4071,NA
4072,NA
4073,NA
4074,NA
4075,NA
4076,NA
4077,NA
4078,NA
4079,NA
4080,NA
4081,NA
4082,NA
4083,NA
4084,NA
4085,NA
4086,NA
4087,NA
4088,NA
4089,NA
4090,NA
4091,NA
4092,NA
4093,NA
4094,NA
4095,NA
4096,NA
4097,NA
4098,NA
4099,NA
4100,NA
4101,NA
4102,NA
4103,NA
4104,NA
4105,NA
4106,NA
4107,NA
4108,NA
4109,NA
4110,NA
4111,NA
4112,NA
4113,NA
4114,NA
4115,NA
4116,NA
4117,NA
4118,NA
4119,NA
4120,NA
4121,NA
4122,NA
4123,NA
4124,NA
4125,NA
4126,NA
4127,NA
4128,NA
4129,NA
4130,NA
4131,NA
4132,NA
4133,NA
4134,NA
4135,NA
4136,NA
4137,NA
4138,NA
4139,NA
4140,NA
4141,NA
4142,NA
4143,NA
4144,NA
4145,NA
4146,NA
4147,NA
4148,NA
4149,NA
4150,NA
4151,NA
4152,NA
4153,NA
4154,NA
4155,NA
4156,NA
4157,NA
4158,NA
4159,NA
4160,NA
4161,NA
4162,NA
4163,NA
4164,NA
4165,NA
4166,NA
4167,NA
4168,NA
4169,NA
4170,NA
4171,NA
4172,NA
4173,NA
4174,NA
4175,NA
4176,NA
4177,NA
4178,NA
4179,NA
4180,NA
4181,NA
4182,NA
4183,NA
4184,NA
4185,NA
4186,NA
4187,NA
4188,NA
4189,NA
4190,NA
4191,NA
4192,NA
4193,NA
4194,NA
4195,NA
4196,NA
4197,NA
4198,NA
4199,NA
4200,NA
4201,NA
4202,NA
4203,NA
4204,NA
4205,NA
4206,NA
4207,NA
4208,NA
4209,NA
4210,NA
4211,NA
4212,NA
4213,NA
4214,NA
4215,NA
4216,NA
4217,NA
4218,NA
4219,NA
4220,NA
4221,NA
4222,NA
4223,NA
4224,NA
4225,NA
4226,NA
4227,NA
4228,NA
4229,NA
4230,NA
4231,NA
4232,NA
4233,NA
4234,NA
4235,NA
4236,NA
4237,NA
4238,NA
4239,NA
4240,NA
4241,NA
4242,NA
4243,NA
4244,NA
4245,NA
4246,NA
4247,NA
4248,NA
4249,NA
4250,NA
4251,NA
4252,NA
4253,NA
4254,NA
4255,NA
4256,NA
4257,NA
4258,NA
4259,NA
4260,NA
4261,NA
4262,NA
4263,NA
4264,NA
4265,NA
4266,NA
4267,NA
4268,NA
4269,NA
4270,NA
4271,NA
4272,NA
4273,NA
4274,NA
4275,NA
4276,NA
4277,NA
4278,NA
4279,NA
4280,NA
4281,NA
4282,NA
4283,NA
4284,NA
4285,NA
4286,NA
4287,NA
4288,NA
4289,NA
4290,NA
4291,NA
4292,NA
4293,NA
4294,NA
4295,NA
4296,NA
4297,NA
4298,NA
4299,NA
4300,NA
4301,NA
4302,NA
4303,NA
4304,NA
4305,NA
4306,NA
4307,NA
4308,NA
4309,NA
4310,NA
4311,NA
4312,NA
4313,NA
4314,NA
4315,NA
4316,NA
4317,NA
4318,NA
4319,NA
4320,NA
4321,NA
4322,NA
4323,NA
4324,NA
4325,NA
4326,NA
4327,NA
4328,NA
4329,NA
4330,NA
4331,NA
4332,NA
4333,NA
4334,NA
4335,NA
4336,NA
4337,NA
4338,NA
4339,NA
4340,NA
4341,NA
4342,NA
4343,NA
4344,NA
4345,NA
4346,NA
4347,NA
4348,NA
4349,NA
4350,NA
4351,NA
4352,NA
4353,NA
4354,NA
4355,NA
4356,NA
4357,NA
4358,NA
4359,NA
4360,NA
4361,NA
4362,NA
4363,NA
4364,NA
4365,NA
4366,NA
4367,NA
4368,NA
4369,NA
4370,NA
4371,NA
4372,NA
4373,NA
4374,NA
4375,NA
4376,NA
4377,NA
4378,NA
4379,NA
4380,NA
4381,NA
4382,NA
4383,NA
4384,NA
4385,NA
4386,NA
4387,NA
4388,NA
4389,NA
4390,NA
4391,NA
4392,NA
4393,NA
4394,NA
4395,NA
4396,NA
4397,NA
4398,NA
4399,NA
4400,NA
4401,NA
4402,NA
4403,NA
4404,NA
4405,NA
4406,NA